站点编号,站点名称,城市,经度,纬度,elevation,ndvi_mean_5km,population_density_5km,terrain_roughness_5km,urban_ratio_3km
1001A,万寿西宫,北京,116.366,39.8673,45,0.27682912326098513,19403.650783967318,5.042287789701755,0.7904946085042333
1002A,定陵,北京,116.17,40.2865,380,0.5125010171466039,229.83290523474588,198.82865974023264,0.032378858861631
1003A,东四,北京,116.434,39.9522,50,0.2915818091495577,18734.22106212717,5.747165401332782,0.7386719420389355
1004A,天坛,北京,116.434,39.8745,44,0.270576631323446,17535.951860901256,5.419004476541139,0.7430411966960135
1005A,农展馆,北京,116.473,39.9716,36,0.3271940966183575,11321.120923935454,5.229219153737808,0.65850327531335
1006A,官园,北京,116.361,39.9425,55,0.2711127728265702,22023.859452826226,4.227249049317574,0.8086474423962907
1007A,海淀区万柳,北京,116.315,39.9934,56,0.3318038392732077,16122.206707290523,5.052445088300147,0.6236303674092516
1008A,顺义新城,北京,116.72,40.1438,29,0.4161261246274295,955.5227140580031,3.983674058729828,0.38834196654032027
1009A,怀柔镇,北京,116.644,40.3937,185,0.4968049959795696,265.1892087009327,140.2512050009663,0.07405169043648968
1010A,昌平镇,北京,116.23,40.1952,60,0.3486798827308807,3406.039890834561,13.560275381599384,0.578673695489487
1011A,奥体中心,北京,116.407,40.0031,46,0.34835226536578134,13799.78538647037,5.574315284563661,0.5560337023655516
1012A,古城,北京,116.225,39.9279,61,0.34192026177664975,12980.04522928337,15.073355999094632,0.6105231115269516
1015A,勤俭道,天津,117.145,39.1654,6,0.2661521275913083,17864.5366438135,2.155218133257483,0.7452698983473329
1017A,大直沽八号路,天津,117.237,39.1082,6,0.22516090010523118,21156.782575523277,2.57646063287405,0.8622090059240545
1018A,前进道,天津,117.202,39.0927,6,0.2272940823974182,20458.78380035707,2.9708739262572443,0.8228638309512778
1021A,跃进路,天津,117.307,39.0877,6,0.2750635171909105,7144.498498198747,1.9935318969803328,0.6432693282360946
1023A,第四大街,天津,117.707,39.0343,9,0.24662687799001728,3170.56642618553,3.6099024887101345,0.8023505582203692
1024A,永明路,天津,117.457,38.8394,4,0.2240271001460729,2866.4131816785884,2.4461524655017897,0.7048675890377852
1026A,汉北路,天津,117.764,39.1587,0,0.29450194842211674,2760.690429532502,1.7280400018065323,0.2254231249496003
1027A,团泊洼(对照点),天津,117.157,38.9194,3,0.2524930402587298,383.18441752426713,1.7061407123127459,0.12083466757812121
1029A,职工医院,石家庄,114.4548,38.0513,81,0.2542892527281832,11852.11147977544,4.078708590927787,0.8940900268968128
1030A,高新区,石家庄,114.6046,38.0398,68,0.31881190942982407,3292.2038537975195,3.883718997078611,0.7481715562174237
1031A,西北水源,石家庄,114.5019,38.1398,69,0.3545738611717407,1684.4170014058782,3.5382927510974014,0.2659034910406979
1032A,西南高教,石家庄,114.4586111,38.00583333,76,0.2751060115780204,7642.728306889532,4.872077318099682,0.8525866101962597
1033A,世纪公园,石家庄,114.5330556,38.01777778,65,0.2761673696256757,9206.926341214603,4.761136127922137,0.8465449905685175
1037A,雷达站,唐山,118.144,39.643,36,0.2726217248626726,6566.7369499685865,7.2844293260551005,0.7993289090928862
1040A,十二中,唐山,118.1838,39.65782,22,0.2701475361699901,6134.764159451003,7.066512306160433,0.76929575378949
1041A,小山,唐山,118.1997,39.6295,40,0.2806294574294711,5916.138758408482,8.693636610339095,0.761605372575222
1043A,第一关,秦皇岛,119.7624,40.0181,26,0.3575435338644468,1400.8940762768539,74.67714446922271,0.49276923321985105
1044A,监测站,秦皇岛,119.6023,39.9567,25,0.26669310388332207,5177.039691964667,13.740340245909325,0.8106314353297673
1046A,建设大厦,秦皇岛,119.5369,39.9419,6,0.29464535258780006,2766.8290689119576,12.634074872447624,0.6834119815821416
1048A,东污水处理厂,邯郸,114.5426,36.6164,55,0.31044555994170014,3948.076741429903,2.816121369201091,0.6800267436950924
1049A,矿院,邯郸,114.5035,36.5776,57,0.29772283835707625,6381.48641854178,3.3383471290627464,0.7405392442490217
1050A,丛台公园,邯郸,114.4965,36.61981,58,0.2661298625103606,6237.926294986792,6.442684538638323,0.8434703938665372
1051A,游泳馆,保定,115.493,38.8632,20,0.261987245574362,7149.8741990505805,3.540648307643125,0.9039036701619607
1053A,接待中心,保定,115.4713,38.9108,18,0.31058196099189733,4093.1267796827374,3.258755898691283,0.7107709266354645
1055A,胶片厂,保定,115.442,38.8756,25,0.29495178167033465,5133.139866138806,3.2182558487108124,0.7913464876994563
1056A,监测站,保定,115.5214,38.8707,18,0.2869316285729529,5903.512959687028,3.3001387466196364,0.7831165705875668
1057A,人民公园,张家口,114.8985,40.8367,1005,0.3408998317933746,3306.544078665834,134.3045005353937,0.37104369172783147
1060A,世纪豪园,张家口,114.9032,40.7688,734,0.2752742775209552,2331.1187737175524,80.84023785760073,0.6262580601245369
1061A,北泵房,张家口,114.904,40.8725,900,0.39484200678143117,623.3048420319402,124.9898593065898,0.054886958888994114
1063A,中国银行,承德,117.9525,40.9843,416,0.434028048882423,2012.1851519170825,57.19927943104969,0.2551310642878461
1064A,开发区,承德,117.963,40.9359,389,0.41959620697938316,1730.7132613440583,80.28627761288723,0.24968998255598365
1067A,药材公司,廊坊,116.6838,39.5178,17,0.30620300783770776,3471.752816456155,2.580085123504323,0.7880477950500459
1068A,开发区,廊坊,116.7729,39.5747,12,0.3553612796179096,1150.1414525939315,2.895418966541705,0.6385035896343668
1070A,北华航天学院,廊坊,116.7464,39.5343,12,0.32317037029364615,2447.8654219340315,2.632558031535069,0.522299607733945
1071A,沧县城建局,沧州,116.8854,38.2991,7,0.26738414584412373,2872.8857593857656,2.240852293423935,0.8012039325019044
1072A,电视转播站,沧州,116.8584,38.3254,13,0.2693323823296944,3248.501721850882,2.2597376233027004,0.7838893524180551
1073A,市环保局,沧州,116.8709,38.3228,8,0.2631021610753553,3178.312630576696,2.336146978313464,0.7921986668488982
1074A,电机北厂,衡水,115.6951,37.7575,20,0.3356759821240869,2907.4699982870648,1.940693279715482,0.6460534636246533
1075A,市监测站,衡水,115.6426,37.7379,24,0.3389111847692771,1964.0519483133405,1.8815734943747573,0.6753238972381153
1077A,达活泉,邢台,114.4821,37.0967,71,0.31825769077713706,4022.347387225173,9.043873861834967,0.6679561614019099
1079A,路桥公司,邢台,114.5331,37.0964,66,0.35296522757786697,2085.81104799005,6.547981215776101,0.4329987336254861
1084A,晋源,太原,112.469,37.7124,769,0.33779307475284287,800.0113644058059,79.76768417464514,0.40436394640925066
1088A,南寨,太原,112.549,37.9854,818,0.30208113372631834,828.1111178255609,29.034134303909827,0.39077205181395264
1091A,小召,呼和浩特,111.658,40.8033,1047,0.1908836473503721,10000.995328728075,9.769316921810175,0.918665455726577
1094A,如意水处理厂,呼和浩特,111.751,40.8369,1069,0.24383464740658725,3235.652002012931,11.204349552788939,0.7252188344811915
1095A,二十九中,呼和浩特,111.7277,40.8062,1057,0.23159763690128898,5202.016595345704,8.736196768174729,0.748437475549775
1096A,工大金川校区,呼和浩特,111.551,40.7866,1062,0.2486631613897704,558.8570489234829,77.16654585325904,0.6743852326412201
1097A,化肥厂生活区,呼和浩特,111.717,40.7612,1042,0.2529540944458147,1926.2796064173124,5.745153460873889,0.572382664569029
1099A,浑南东路,沈阳,123.535,41.7561,49,0.318649889432242,2134.198730590771,4.9750958360388955,0.37623977822413823
1100A,新秀街,沈阳,123.439,41.7089,46,0.2883781842602164,2380.3098501105105,3.846242075534631,0.6600551760586052
1102A,东陵路,沈阳,123.542,41.8336,57,0.3215244083214876,736.6072945595362,17.71850080838136,0.606056100587369
1103A,陵东街,沈阳,123.428,41.8472,46,0.27117693389161424,10981.014961697625,6.013876412527917,0.7039388578382779
1104A,文化路,沈阳,123.41,41.765,47,0.2417969072894176,11709.66650636604,4.880201440600236,0.7184285740343737
1105A,小河沿,沈阳,123.478,41.7775,52,0.2569767056158055,7910.727108886669,4.207647038288678,0.7527576925007665
1106A,太原街,沈阳,123.3997,41.7972,47,0.2146650002329322,20209.558949607213,4.456599843393274,0.920587138809576
1108A,京沈街,沈阳,123.3783,41.9228,46,0.33061214474805894,891.8400801865132,7.826655313458316,0.5140365270190635
1109A,甘井子,大连,121.6119444,38.97388889,41,0.22489294350151448,5296.9505367091415,22.46050976279501,0.6242155018788766
1110A,周水子,大连,121.565,38.95111111,43,0.25943590913215847,11950.348478162305,32.121909578406644,0.8361653722644452
1111A,星海三站,大连,121.5638889,38.885,42,0.33754751124721827,11929.52049078834,43.49988547016353,0.5202910698137377
1112A,青泥洼桥,大连,121.6330556,38.91194444,30,0.3221565400688966,4982.70986136945,40.88880824122913,0.6832921059267907
1115A,旅顺,大连,121.2588889,38.80805556,4,0.4245168576497327,2166.3583834564706,34.28138480101515,0.3725236377852905
1116A,金州,大连,121.7481,39.1311,73,0.42144679998485385,4463.57560133602,75.03121057751136,0.2779715185429861
1117A,开发区,大连,121.7769,39.0511,36,0.30399490038579124,1153.125277779781,79.83983309396054,0.721543044484015
1119A,食品厂,长春,125.323,43.9167,212,0.21247443030807248,9521.300996859636,13.065465081959216,0.8344373993995613
1120A,客车厂,长春,125.287,43.91,214,0.22531892202378323,12398.88503394886,10.445438965773974,0.8186443140745041
1121A,邮电学院,长春,125.2786,43.84,220,0.23372495646955033,9777.720041460832,10.645464299442915,0.7407254389143197
1126A,经开区环卫处,长春,125.417,43.8667,217,0.25499816110814044,2952.082476887437,16.73018897475965,0.6770333230182971
1128A,岱山公园,长春,125.217,43.85,210,0.23884762295150017,6715.796849644198,11.507717802659702,0.7982539910095083
1129A,岭北(对照点),哈尔滨,126.542,45.755,118,0.20540512006313927,5496.879265972369,6.524085397928538,0.27250195234355545
1131A,阿城会宁,哈尔滨,126.979,45.5422,142,0.27821334921927404,2320.0718908069102,13.16434971569651,0.6368094033256044
1133A,太平宏伟公园,哈尔滨,126.689,45.7733,126,0.16480815516693123,11086.369402638644,10.53314856832061,0.8915121575502808
1134A,道外承德广场,哈尔滨,126.635,45.7667,122,0.14974628328174733,16177.172798893602,12.487166900324238,0.8444931585195854
1137A,道里建国路,哈尔滨,126.593,45.7478,122,0.17752483491928744,12163.061376468038,13.893326110449303,0.7437854608213446
1138A,平房东轻厂,哈尔滨,126.615,45.61,178,0.27169941130138725,1871.0550200173352,7.310519510764423,0.5743900011878073
1144A,徐汇上师大,上海,121.412,31.1654,2,0.3040217919919698,21273.245911964295,4.082791843827872,0.7987018772450553
1145A,杨浦四漂,上海,121.536,31.2659,10,0.2610742870918409,28345.310177139,4.722238257849485,0.7773360517871044
1147A,静安监测站,上海,121.425,31.2261,13,0.2813378762181208,33234.593773491804,5.680971774210808,0.8033721696829833
1148A,浦东川沙,上海,121.703,31.1907,8,0.3985784673015007,5288.7166871061945,1.653205564011294,0.5448511292283783
1149A,浦东新区监测站,上海,121.533,31.2284,4,0.2901509745386087,26209.184242654694,4.919436647433918,0.6578468486919412
1150A,浦东张江,上海,121.577,31.2071,8,0.3742130811802405,10982.527537097616,2.8166432377250143,0.5479291156796886
1152A,草场门,南京,118.749,32.0572,25,0.2579411883537448,25424.110783204298,7.00074576436041,0.7005590819052685
1153A,山西路,南京,118.778,32.0723,30,0.3157857642296143,21718.927296648842,19.696900088385075,0.6477210724053498
1155A,瑞金路,南京,118.803,32.0314,14,0.3300649552400279,23554.94916974153,22.151599419450942,0.7299861993319163
1156A,玄武湖,南京,118.795,32.0775,14,0.36138580108682844,17768.525688330872,46.72029757474331,0.5657889466516004
1159A,仙林大学城,南京,118.907,32.105,32,0.41164767405954467,2371.0585458549995,15.274461399437412,0.5214496032854089
1160A,上方山,苏州,120.561,31.2472,29,0.399204741340527,3774.4074409958685,40.995423995265156,0.36278312112327543
1162A,彩香,苏州,120.591,31.3019,5,0.28415774611670797,11134.882565170607,5.234248956481784,0.8099908490835512
1163A,轧钢厂,苏州,120.596,31.3264,11,0.30129603626973317,9382.991525050715,4.519708490984294,0.7721980078441024
1164A,吴中区,苏州,120.613,31.2703,4,0.28691903759270265,11008.518084419235,6.387679647962532,0.7391250381820036
1165A,苏州新区,苏州,120.543,31.2994,5,0.3148584580666887,4551.869374123815,13.977106855803907,0.7517923941072965
1166A,苏州工业园区,苏州,120.669,31.3097,9,0.2905466918465539,7273.643941645013,4.160785541082564,0.5813549163577022
1167A,相城区,苏州,120.641,31.3708,7,0.31197933146598317,4587.039780496726,3.5718062768200585,0.5654023461582178
1168A,南郊,南通,120.913,31.96,4,0.36078480457586254,1064.388379508884,4.3844266926509565,0.4861088666660602
1169A,虹桥,南通,120.86,32.0005,9,0.2903079253519875,7436.296639663348,3.2393758362333256,0.7545480862749326
1171A,星湖花园,南通,120.94,31.93,2,0.33394957679048276,1032.8509638882879,3.380851886971685,0.6846016149455864
1172A,紫琅学院,南通,120.81,32.0417,5,0.3242561649938699,2938.446211697096,2.8323421689846207,0.651228828799564
1173A,市环境监测站,连云港,119.176,34.5885,6,0.31876291333409157,3514.0726802070703,22.997655244546234,0.7669604650684958
1177A,黄河新村,徐州,117.167,34.2761,46,0.2858897482291081,8871.542908167388,13.199253632325451,0.8022773396537897
1178A,淮塔,徐州,117.1917,34.2328,38,0.2894937140668356,5694.731714116078,21.530044472529696,0.6375230141256132
1180A,新城区,徐州,117.256,34.2153,40,0.3225824304608305,927.1438954609705,8.092747403435853,0.3901632840353321
1181A,桃园路,徐州,117.2458,34.2908,39,0.2680328423362793,1862.75757895365,11.040720491126246,0.7021067969668687
1182A,农科院,徐州,117.2933,34.2778,35,0.30560694501631824,655.2659965041745,9.284336726536283,0.5974872968014253
1188A,雪浪,无锡,120.269,31.4867,5,0.4188009324080663,2727.3932851724107,25.090340227154343,0.4531412739928603
1190A,曹张,无锡,120.294,31.56,9,0.30818173582275193,12849.175689263571,23.49920455419588,0.7744021398271157
1195A,堰桥,无锡,120.288,31.6842,7,0.3591322163413257,2066.9227738307536,3.145580210703927,0.5314942723546574
1196A,市监测站,常州,119.996,31.7586,6,0.297449427507956,5492.143104298373,3.309891895069618,0.6419994274292276
1200A,武进监测站,常州,119.935,31.7039,8,0.3268871288061495,4251.57608724479,2.2118765593826453,0.6912981084215291
1203A,新区办事处,镇江,119.68,32.1883,15,0.34653691969862416,606.3010148383489,20.13642770356224,0.5306221010405584
1204A,职教中心,镇江,119.491,32.215,51,0.3090478474013313,5528.759554921832,9.244131664532423,0.4939162509853231
1205A,丹徒区监测站,镇江,119.43,32.1319,30,0.46556770861427577,768.519504688402,29.866345985748467,0.45479027722461307
1206A,公园路,泰州,119.9,32.4867,0,0.34279116844936114,3272.0217502198207,2.522404824343998,0.7348593177208244
1207A,莲花,泰州,119.9219,32.4611,2,0.35973638168629485,3065.926433879955,2.1722735023442974,0.6875558131866981
1209A,留学生创业园,泰州,119.888,32.4639,2,0.36693518150243015,2965.8513216883016,2.282048027988369,0.6548482524075233
1210A,钵池山,淮安,119.036,33.5981,15,0.2976413559647058,6557.401246632292,3.354249815987224,0.7459317195624068
1211A,北京南路,淮安,119.007,33.575,13,0.3263381277296938,5478.406318676427,3.676442475935834,0.7118562663696252
1212A,市监测站,淮安,118.989,33.6067,17,0.3519428892606541,5925.413500481793,3.5265991518840973,0.5913016391487448
1213A,楚州区监测站,淮安,119.135,33.5039,10,0.3703712622477594,2573.63331033805,2.129466944632193,0.5073980220366081
1214A,淮阴区监测站,淮安,119.0186,33.6297,10,0.35584524109169696,5905.3501562139345,2.7732241166246934,0.7057223516895682
1215A,盐城电厂,盐城,120.118,33.4022,2,0.34044811113104273,3328.21096081559,2.1518711561375086,0.6322018041605981
1216A,市监测站,盐城,120.156,33.3942,5,0.32125239020139634,3442.567846234433,2.2301249925604987,0.693043131042535
1218A,开发区管委会,盐城,120.225,33.3947,1,0.3911531757683822,793.7386706228552,1.617560619790654,0.46090228816216383
1220A,宿迁学院,宿迁,118.293,33.9528,28,0.343958330870538,3087.1615888131464,4.326085717743341,0.6972182682433422
1221A,宿迁中学,宿迁,118.2442,33.9592,24,0.36903542428761055,1556.6351883921589,3.901342407164034,0.6136080098533908
1223A,滨江,杭州,120.211,30.21,9,0.23244492793374008,3875.695701014818,4.286919691160409,0.5328091575062446
1224A,西溪,杭州,120.063,30.2747,9,0.4253588674064541,2909.602254774242,46.28167150795312,0.4000850455388822
1226A,下沙,杭州,120.348,30.3058,10,0.2787145921728866,4244.791208516896,3.2924235585396966,0.7211985160247572
1227A,卧龙桥,杭州,120.127,30.2456,15,0.4971767233940114,10320.297522404593,67.81169967035369,0.13808224452906293
1228A,浙江农大,杭州,120.19,30.2692,10,0.2382702997909687,15901.910772254263,7.319458588051073,0.7382031553478375
1230A,和睦小学,杭州,120.12,30.3119,10,0.3083076266658845,12754.683638025022,6.814386056630425,0.6988831931588837
1232A,城厢镇,杭州,120.27,30.1819,11,0.2819621622210838,4942.6944143529,12.21152049680265,0.7354052747320275
1233A,云栖,杭州,120.088,30.1808,49,0.5000841662566196,1235.5910197596295,72.81316822924435,0.2193883794514904
1234A,区环保大楼,宁波,121.836,29.9108,6,0.27678866982187444,4056.7623600903576,28.730914380382895,0.7550219260074146
1235A,万里学院,宁波,121.56,29.8208,8,0.3002830759066931,7554.570636323187,2.231643795745799,0.6197788475429994
1239A,钱湖水厂,宁波,121.633,29.7736,13,0.3575166088961881,1836.6670852903585,31.83847580377868,0.20440207874421018
1241A,市环境监测中心,宁波,121.524,29.8506,8,0.2683808400287948,11294.288390727017,3.2721934135734,0.700030066474241
1242A,瓯海,温州,120.634,28.0089,16,0.25981426473697183,15158.408597482457,22.45701678042501,0.5912332511436742
1243A,南浦,温州,120.677,27.9939,15,0.2445808528502775,13958.559393565625,12.646544961109196,0.7499336046434233
1244A,龙湾,温州,120.76,27.9747,12,0.2988249506981469,2926.617764039457,52.96639973480421,0.33475896405627037
1245A,市站,温州,120.671,28.0167,14,0.22703228370391196,15825.714045255949,19.298619464038453,0.5761010981463193
1247A,城东开发委,绍兴,120.605,29.9919,14,0.3860451999301174,5420.870910870606,33.74759216442488,0.5565048669190559
1252A,清河小学,嘉兴,120.744,30.7946,8,0.3360945276403297,4682.041888997931,2.4943708246083394,0.5378305833851817
1253A,嘉兴学院,嘉兴,120.726,30.7478,10,0.3452402150001629,4999.87559644034,2.3005381944126615,0.6195277528332007
1255A,黄岩环保大楼,台州,121.273,28.6459,10,0.44720306271191596,3363.8192139712173,102.80734104444893,0.4825436711065616
1256A,台州环保大楼,台州,121.419,28.6542,6,0.2986784222869041,4401.613105661884,13.110335291305777,0.7411848750102188
1257A,路桥田洋王,台州,121.377,28.5773,10,0.3380097693927599,3254.4276657164155,40.58937653327909,0.7603493380364578
1258A,定海檀枫,舟山,122.122,30.0203,3,0.46761490235098785,3191.0925480461037,69.03949591247633,0.39258842077861694
1259A,普陀东港,舟山,122.3094,29.9558,7,0.35884381664351767,3848.248538657515,42.39035600357752,0.2675504160357092
1260A,临城新区,舟山,122.19,29.9944,5,0.42938575028738396,1216.3412841097902,40.7924153792831,0.36820782219833
1262A,十五中,金华,119.647,29.077,45,0.3338528638017712,4172.7683733179065,7.445671428744361,0.6099538850252272
1263A,监测站,金华,119.686,29.1029,44,0.3763104252604231,3505.1942676546996,9.247733028863843,0.4945384983767256
1264A,环保大楼,衢州,118.871,28.9404,70,0.3628312152834246,2306.73139720124,6.201951631687299,0.538587832992145
1265A,实验学校,衢州,118.871,28.9664,72,0.37175542002190026,2463.4779927130726,7.276923305165424,0.48317291202124185
1266A,衢州学院,衢州,118.855,28.9745,67,0.3749444455314455,2460.210712628568,9.901888413186432,0.4202296873661149
1267A,监测站大楼,丽水,119.914,28.4514,59,0.47976596413619466,2615.313270607428,73.71616218100286,0.48857747778730803
1268A,莲都小学,丽水,119.93,28.4586,55,0.4952161039109996,2688.085406463,121.31294510586883,0.5670817684406138
1269A,余庄前,丽水,119.879,28.4231,60,0.44468794966456565,1118.5316368117192,34.223366000041565,0.2575787726849884
1270A,明珠广场,合肥,117.196,31.7848,38,0.34536100442560147,3892.7649120535953,7.716201480827993,0.678149377861908
1271A,三里街,合肥,117.307,31.8766,23,0.3102314935670939,17712.45792269952,6.20210362364463,0.850694247449894
1272A,琥珀山庄,合肥,117.259,31.8706,13,0.325732413581195,18019.72789249154,8.361717466082347,0.7894948919674952
1274A,长江中路,合肥,117.25,31.8572,27,0.32693469176318524,16274.950500608698,9.461200188975324,0.8016071228964734
1275A,庐阳区,合肥,117.266,31.9438,30,0.3627996649529947,1556.503029012658,8.017299129681222,0.5599604389496639
1276A,瑶海区,合肥,117.336,31.8585,27,0.3127517964161069,10808.224119617773,6.434197882589426,0.7624742972255181
1277A,包河区,合肥,117.302,31.7956,15,0.3284885593577662,3092.115888025126,7.75615648121839,0.541939052675247
1278A,滨湖新区,合肥,117.278,31.7386,11,0.3529598242018062,1720.3159501085818,6.3283621957775935,0.6356000560902284
1279A,高新区,合肥,117.124,31.8516,52,0.41723504534282563,653.1180074679761,17.381103015044975,0.4710773419878606
1282A,师大,福州,119.303,26.0392,23,0.2715764316239926,12447.878200577974,18.609347854246813,0.5881966119118018
1284A,杨桥西路,福州,119.268,26.0797,14,0.3258438666370044,14762.023282084614,23.622896862967902,0.5077225049826359
1287A,洪文,厦门,118.1513889,24.47666667,36,0.3677888828471011,23568.1458191739,53.61880880945066,0.5266859946169327
1290A,省外办,南昌,115.893,28.6844,27,0.2250987845660044,19103.020966324388,5.998060636093791,0.6880012076092626
1291A,省林业公司,南昌,115.8886,28.6839,26,0.2270908604304118,18709.10195467089,6.0319308086052805,0.6543399022405059
1292A,林科所,南昌,115.813,28.7442,51,0.4399640736135702,2991.797798392374,74.00036159200658,0.3915959959459889
1294A,建工学校,南昌,115.852,28.6869,17,0.25755725480712394,11978.825616072641,7.8732195765076325,0.5337241391131465
1295A,象湖,南昌,115.892,28.6425,24,0.22789449426757638,15076.36499403701,6.019408289677075,0.7042300749770223
1296A,武术学校(对照点),南昌,115.742,28.7994,165,0.6572708735089213,211.27383835155268,117.49393682971815,0.045888734458356346
1298A,省站,南昌,115.931,28.6844,24,0.23509843193945915,15093.224799935486,5.33063707178461,0.7735423192222781
1300A,农科所,济南,116.93,36.67,31,0.2986299425493322,6321.327622134626,10.99263016828708,0.7970698432124174
1303A,省种子仓库,济南,117.0684,36.6868,35,0.27382444326724414,8032.6337722497765,29.589019643323144,0.9049610406913289
1306A,长清党校,济南,116.7672,36.5464,51,0.4043588419391537,2027.8172254069048,32.08154131061111,0.4392120333639882
1310A,市南区东部子站,青岛,120.4134,36.0654,34,0.30566332813078867,11200.12548320515,43.03851905865986,0.43274517598102374
1311A,四方区子站,青岛,120.3664,36.1032,31,0.26629045842943355,17433.535835470062,26.20267454100927,0.8940389756191819
1312A,市南区西部子站,青岛,120.2992,36.0543,8,0.25933216312998436,14587.253225780743,13.837548421106282,0.22506118543045373
1313A,崂山区子站,青岛,120.4587,36.0851,0,0.34127758434125127,2916.130241004602,57.030936194794215,0.32976223960590983
1314A,黄岛区子站,青岛,120.1964,36.3083,3,0.34302556043459187,659.7738525300825,4.416483555228883,0.12163606962073599
1315A,城阳区子站,青岛,120.4001,36.2403,21,0.26689631191351226,2799.7546783144257,29.017874648751302,0.7043063708993608
1316A,烟厂,郑州,113.6844,34.7622,97,0.2538116007188574,14647.654695129952,6.879072825195575,0.8707578077298115
1318A,银行学校,郑州,113.675,34.8019,91,0.27729090770372683,14175.583310669468,6.398472141583774,0.7979642004928901
1321A,四十七中,郑州,113.734,34.719,97,0.27677379349842557,3785.639894684672,7.173270416016182,0.7262638801954269
1325A,东湖梨园,武汉,114.3672,30.5719,37,0.26880076581823015,11338.209660303093,10.072215805647149,0.348850922458362
1326A,汉阳月湖,武汉,114.2511,30.5514,32,0.2234495404212366,21870.395527534387,7.971047551045502,0.5497206177500217
1327A,汉口花桥,武汉,114.2836,30.6197,32,0.25543676356049827,18820.347876131236,6.199493462051657,0.8121929047116417
1328A,武昌紫阳,武汉,114.3006,30.5494,48,0.21798144230486344,23895.81723015176,9.930310407880858,0.5541236741279644
1329A,青山钢花,武汉,114.4272,30.6103,42,0.30436013824665176,3907.2114662198974,8.181333484364897,0.6301568966581574
1330A,沌口新区,武汉,114.1525,30.4753,25,0.28852472987239125,2289.9886470631477,6.091144220412759,0.5083773967818016
1334A,沉湖七壕,武汉,113.8531,30.2997,23,0.34517783922199335,133.32927505740116,2.67535457303834,0.002244014663914236
1335A,经开区环保局,长沙,113.0833,28.2325,60,0.3208103803460967,2645.683065527011,13.060247339489562,0.7765461501093849
1336A,高开区环保局,长沙,112.8872,28.2189,64,0.3785056647270975,2270.162961890378,35.02202676024567,0.7034801260613078
1337A,马坡岭,长沙,113.0792,28.2053,45,0.32165733962835624,2548.6175033238096,12.586437388992213,0.6007741573978587
1338A,湖南师范大学,长沙,112.9394,28.19,64,0.3611538254743006,10662.260667973636,38.708173900658934,0.34110755265694315
1339A,雨花区环保局,长沙,112.9956,28.1442,83,0.3127919846879961,11785.101622379416,21.73279420502486,0.7410969717866344
1340A,伍家岭,长沙,112.9792,28.2597,33,0.30661808145229913,7283.692146722792,14.008937891381835,0.4064389738244245
1341A,火车新站,长沙,113.0014,28.1944,43,0.2762983428569775,18530.385389763218,16.447484813252604,0.822467571699005
1342A,天心区环保局,长沙,112.9844,28.1178,78,0.3284322482835795,5775.961564427674,22.065877147147724,0.6776391216254676
1345A,广雅中学,广州,113.235,23.1422,8,0.22908895761155623,30088.696771824816,11.29926581231473,0.7816006644175538
1346A,市五中,广州,113.261,23.105,17,0.22581994045248063,39316.48439426554,9.62577080783944,0.7826800325946964
1348A,广东商学院,广州,113.348,23.0916,15,0.28697223725738424,9427.891438462177,7.26754563090536,0.5387100088336494
1349A,市八十六中,广州,113.433,23.105,22,0.26955478277905454,7620.502923128368,8.988854726961321,0.5659534760332966
1350A,番禺中学,广州,113.352,22.9477,7,0.31657092165551737,5969.633296278672,11.879437625915605,0.7313396313563578
1351A,花都师范,广州,113.215,23.3917,13,0.28534603829790456,6938.697202324883,6.186281627053785,0.7221786559121007
1352A,市监测站,广州,113.26,23.1331,14,0.2530385334341526,39836.930072607014,15.31333452482999,0.7758738510257758
1353A,九龙镇镇龙,广州,113.568,23.2783,28,0.5799105005650591,1034.5247887467922,53.63995300381751,0.20212086582220035
1354A,麓湖,广州,113.281,23.1569,43,0.3375738531169125,25550.295375712092,49.35857197851444,0.5289250968438911
1356A,通心岭子站,深圳,114.1063,22.5545,18,0.4147454231997462,26525.362840304293,39.37374306375322,0.6738165193109926
1357A,洪湖,深圳,114.117,22.5625,21,0.4226301299011642,25811.365923194706,42.442280250136605,0.6911154567935279
1359A,南海子站,深圳,113.9181,22.5171,14,0.38130205603351425,14726.896940922166,35.05261573191172,0.6400155666980252
1360A,盐田,深圳,114.263,22.5908,12,0.5623406693151307,3304.7508786214235,190.40490995104207,0.3212689158038834
1361A,龙岗,深圳,114.24,22.7267,47,0.3803948045808955,6813.203724351271,27.87709099208318,0.633964276719965
1363A,南澳,深圳,114.494,22.5422,45,0.5856489192578257,481.2818140816393,94.63669067874199,0.08249047369617804
1364A,葵涌,深圳,114.41,22.6342,29,0.6855327337328472,894.3590077485969,120.10311705879886,0.21928798549550554
1365A,梅沙,深圳,114.297,22.5978,25,0.6001060113509812,2269.012485999309,176.37438924657002,0.10069448162115378
1366A,观澜,深圳,114.085,22.75,27,0.3773813413043477,3720.9496014361393,15.784528394731042,0.5011976089670709
1367A,吉大,珠海,113.574,22.2611,13,0.29648949799347385,10977.491252894035,33.66093000294476,0.36285954542081955
1368A,前山,珠海,113.495,22.2294,1,0.3717528119908772,3780.7451448519805,71.93669897124104,0.5074902127808537
1369A,唐家,珠海,113.628,22.4251,12,0.42268565078275394,1230.8682840271872,19.39646025663048,0.025038491041634633
1370A,斗门,珠海,113.299,22.2281,10,0.3434928610067609,2307.8494263244183,41.187604024984395,0.40569509797011694
1371A,湾梁,佛山,113.134,23.0048,6,0.2564768087349085,9625.59492469286,5.478420843416022,0.7363840411329088
1372A,华材职中,佛山,113.105,23.0395,2,0.23135990769741424,11585.979766737142,5.914051188799943,0.8528856215932297
1373A,南海气象局,佛山,113.144,23.0467,5,0.23298571053132017,15216.037374938309,5.14060151315577,0.7958613019506396
1374A,顺德苏岗,佛山,113.292,22.8054,-2,0.2944194290888587,6030.463573020071,11.827795715425275,0.3968378840363808
1376A,高明孔堂,佛山,112.844,22.8693,5,0.47960343521648724,1916.6359043353405,108.92761137941267,0.18725909355410825
1377A,三水监测站,佛山,112.885,23.1572,18,0.383571854040291,3500.7380698348616,10.251483734066099,0.45159566022143893
1379A,华柏园,中山,113.3769,22.5211,4,0.3344359431295174,6059.426714694968,18.209393575066727,0.7639356250312949
1380A,张溪,中山,113.3881,22.5497,2,0.32350655950493434,5737.917282196475,8.68630739139979,0.5809065725373879
1381A,紫马岭,中山,113.4075,22.5111,14,0.4078296761222788,5394.325970311797,38.628298937914785,0.6082564699456916
1382A,长江旅游区,中山,113.4411,22.4853,35,0.5509615767972778,2277.5906185563017,64.56712901717091,0.11997790710080304
1383A,北街,江门,113.104,22.6069,7,0.2922580385020193,5933.781110266973,16.691311959602853,0.5381707345172686
1384A,西区,江门,113.074,22.5811,16,0.3360761288345714,2527.768204347901,23.8692942604839,0.753866504802105
1385A,圭峰西,江门,113.0219,22.5311,47,0.43763264986287714,4607.80164879354,103.26225355116048,0.4676046016262325
1386A,东湖(对照点),江门,113.0819,22.5931,16,0.31485803184679445,3128.951304243761,18.69542532973415,0.7653022224280909
1390A,东城石井,东莞,113.7944444,23.01277778,27,0.3549579151185095,7018.964782708138,20.956985170371148,0.498373734616091
1391A,南城西平,东莞,113.7383333,22.96583333,44,0.4112247852384799,3402.1015290151886,31.319060269836744,0.3662195510629403
1393A,下埔横江三路子站,惠州,114.4053,23.08,30,0.3754940673226418,10631.372661649826,28.81423807068491,0.5398906823729528
1396A,大亚湾管委会子站,惠州,114.5317,22.7422,5,0.4224476592957193,841.8759481029098,56.12946264368955,0.3449548997904232
1397A,睦岗子站,肇庆,112.427,23.0706,7,0.39377199368546845,5294.341797825106,129.67440739705776,0.4938667037787646
1398A,城中子站,肇庆,112.471,23.0528,13,0.3060604670281958,5803.5754505061595,29.24089293651951,0.4867514218724661
1399A,坑口子站,肇庆,112.565,23.1617,7,0.46794810140393367,600.8250659544566,126.06948771050655,0.25066342340500514
1403A,市监测站,南宁,108.321,22.8225,87,0.26737803041442015,22210.657399643376,10.531757901648914,0.7993927523698681
1404A,大自然花园,南宁,108.383,22.805,131,0.3732287570564363,4837.319954309685,28.64804643999456,0.42379525019972397
1405A,仙葫,南宁,108.439,22.7906,80,0.3563076522103012,1106.7205700184197,25.223374136304866,0.3987306002756396
1406A,区农职院,南宁,108.239,22.8464,86,0.35033267858234307,3968.830357815341,32.080966011873386,0.5914729326046508
1409A,东寨港,海口,110.576,19.9507,3,0.5126674854541379,247.03333412015783,6.3348749732171585,0.04288342952735672
1412A,海南师范大学,海口,110.338,19.9969,21,0.3436543337632874,11406.959405405312,9.635885727668478,0.7051829734538132
1413A,龙华路环保局宿舍,海口,110.33,20.0356,8,0.3016570481216117,10767.694941359874,8.37186408722116,0.6526113202291643
1414A,缙云山（对照点）,重庆,106.379,29.8272,856,0.5768627118724678,1569.138231117436,187.53119990673082,0.10315525977786057
1417A,两路,重庆,106.626,29.7228,452,0.3479806504363062,1282.2271497438658,53.14933199652816,0.549037207132736
1418A,虎溪,重庆,106.296,29.5983,302,0.46953902114813384,1082.8526194148783,84.70946278266578,0.4174791079099756
1419A,南坪,重庆,106.54,29.5186,229,0.29678026788406936,13557.196708338324,67.4698360444525,0.5617194691841977
1420A,唐家沱,重庆,106.65,29.6219,274,0.4569216571715025,309.77279721875163,107.8038739001363,0.2671748941134988
1421A,茶园,重庆,106.634,29.4892,269,0.454354262031937,738.753795895223,92.73759776306817,0.41309886390282463
1425A,空港,重庆,106.617,29.7125,447,0.3400258665464228,1760.4667846465404,52.247828008978345,0.5356002232154343
1426A,新山村,重庆,106.468,29.4892,385,0.3197067478936541,6990.432914066152,55.373407137022205,0.6167799371180576
1427A,礼嘉,重庆,106.562,29.6453,339,0.35941689151205863,2184.075792994432,71.38277605257188,0.5359947903531262
1429A,鱼新街,重庆,106.513,29.389,196,0.3745046588490622,3242.883309651626,74.35796115253945,0.39523170495428944
1431A,金泉两河,成都,103.97275,30.72358333,519,0.31954399390575783,5140.214018159136,6.624209834992107,0.5581537079144558
1432A,十里店,成都,104.176,30.6872,502,0.3588677247841551,6306.369677118175,6.80413409380293,0.4115105597387872
1433A,三瓦窑,成都,104.079,30.5706,479,0.34341616040906525,6050.93537664568,6.98246297123893,0.5177285012495689
1434A,沙河铺,成都,104.1113889,30.63,490,0.31121068475407104,12381.525617944086,9.671597617897673,0.6809390991730538
1437A,君平街,成都,104.054,30.6578,504,0.28209488626959844,19601.45534124316,5.167157753021323,0.849802143950199
1438A,灵岩寺,成都,103.613,31.0283,1126,0.5009948253899064,1663.3192762966748,196.34984566083673,0.08049806757497865
1439A,马鞍山,贵阳,106.6856,26.6029,1108,0.37989744325102454,11460.990234290999,75.87030863143868,0.4360976755567316
1440A,市环保站,贵阳,106.6971,26.5689,1064,0.3617348714018781,14560.429439784162,50.31637061486496,0.665562214663033
1441A,鉴湖路,贵阳,106.6243,26.6266,1295,0.3329058016587649,1808.778712509027,26.689518882695896,0.38361119274755795
1442A,燕子冲,贵阳,106.7487,26.6343,1091,0.4606628798914941,4535.133116064286,86.98231921400846,0.26567097377871957
1443A,碧云窝,贵阳,106.6554,26.4364,1132,0.4535838789182417,1764.5703972892688,37.04069186913766,0.2572096730299516
1444A,中院村,贵阳,106.6948,26.5155,1077,0.38178549486932983,5934.340242568827,39.73667015139746,0.5466723892596475
1446A,新华路,贵阳,106.7164,26.5697,1059,0.3722245242964157,14917.038388094757,51.91883391102564,0.6706616187182981
1447A,太慈桥,贵阳,106.6867,26.5495,1074,0.3689252217360408,11677.629103135347,41.281621981113005,0.5340102121580866
1450A,呈贡新区,昆明,102.821,24.8885,1907,0.360070239595741,1895.391243601336,28.31991677196919,0.42379504164287257
1451A,西山森林公园(对照点),昆明,102.625,24.9624,2359,0.41261814553600223,825.1647094945707,147.0185634401236,0.06437591668055183
1452A,龙泉镇,昆明,102.728,25.0836,1898,0.34666070886008093,12247.852080614823,63.51220279330596,0.6867309369053582
1453A,东风东路,昆明,102.722,25.0405,1895,0.25510711076435455,18930.173081428533,16.477537468527807,0.8685630743563652
1454A,金鼎山,昆明,102.681,25.067,1937,0.3044581552402037,12383.058518877078,44.974822012000864,0.7302870223791769
1457A,市环保局,拉萨,91.1221,29.6747,3654,0.2384694657461683,1925.748350769996,154.37226291726486,0.6010954918596583
1459A,西藏大学,拉萨,91.1774,29.6541,3661,0.2050608052136648,1644.5431653959633,201.33684812772896,0.3629866487067561
1462A,高压开关厂,西安,108.882,34.2749,399,0.2735266322523599,9769.301163408314,7.1585073758380195,0.8094295139576468
1463A,兴庆小区,西安,108.993,34.2629,432,0.25449227969240185,17735.807221335064,16.104293262570508,0.8436767996172793
1464A,纺织城,西安,109.06,34.2572,439,0.34270614818100226,3766.779798572743,84.63767032295641,0.5259502296787991
1465A,小寨,西安,108.94,34.2324,418,0.2563131279548687,17781.736024675807,12.568709557649004,0.854151107590813
1466A,市人民体育场,西安,108.954,34.2713,405,0.2436959355209869,27720.828889731198,9.662096594444831,0.8632550118838471
1467A,高新西区,西安,108.883,34.2303,404,0.2642221350548068,6849.762970667448,5.610435819803504,0.8082389145349594
1468A,经开区,西安,108.935,34.3474,377,0.26678833334992896,2615.6297310880145,8.356790949313055,0.751241973990593
1469A,长安区,西安,108.906,34.1546,435,0.3324942708078164,3785.5509822011677,21.117165665018177,0.5636774999671406
1471A,临潼区,西安,109.2186,34.3731,453,0.4735002733625171,1541.2701250961904,205.88278102079883,0.49712107906992264
1473A,曲江文化产业集团,西安,108.985,34.1978,455,0.3228331125197275,5139.920523830162,44.10905194234129,0.6724822016665897
1474A,广运潭,西安,109.043,34.3274,388,0.2977640790230711,1345.7649021625182,10.3255994685144,0.4459643874253869
1476A,兰炼宾馆,兰州,103.631,36.1031,1561,0.20477295094927236,2806.293579284266,95.35999495950962,0.7769169840026793
1478A,生物制品所,兰州,103.841,36.0725,1523,0.17651788948121458,9119.837874514566,73.75926984582058,0.6165129104671042
1479A,铁路设计院,兰州,103.831,36.0464,1529,0.21053686887557205,10199.050388884816,153.79135489808402,0.6955651987616848
1484A,贺兰山马莲口(对照点),银川,105.9512,38.6016,1322,0.2202998870783539,15.65863820052484,298.88572639510437,0.00862804592718837
1488A,贺兰山东路,银川,106.2328,38.4975,1113,0.24900342708859502,3508.0525565350013,2.348123598947352,0.5715518215186489
1489A,学院路,银川,106.1358,38.5036,1113,0.2583817723541383,3135.412368517006,4.07822425106269,0.648587526815022
1491A,收费所,乌鲁木齐,87.6046,43.768,916,0.18094979497959296,12139.523047342573,80.63474029013253,0.71796031164874
1493A,铁路局,乌鲁木齐,87.5525,43.8711,747,0.1711668928578063,7561.191891366538,47.01579046947639,0.7862177820565507
1496A,米东区环保局,乌鲁木齐,87.6444,43.962,604,0.18520771011967263,1968.7643298069079,35.01146855943457,0.7149910167011058
1508A,板塘,湘潭,112.9433,27.8614,79,0.3462759503978012,3949.7380093681672,17.229999391401158,0.44432958210465573
1512A,江麓,湘潭,112.8937,27.8728,62,0.3756111552028007,4346.982018163526,15.188682263431554,0.5704195116037102
1514A,科大,湘潭,112.9074,27.9119,74,0.39821670053729574,4001.8648093543648,15.883866406001403,0.404504862968897
1524A,市监测站,株洲,113.13,27.8528,47,0.31569518713869227,5502.558729152374,14.88811173830793,0.5985075681517041
1559A,大京风景区,株洲,113.251,27.8336,125,0.6259318849789461,276.06399355257184,43.57700449572915,0.04241351330593249
1562A,昭山,湘潭,113.0048,27.9153,62,0.4431820909611017,1393.216588433195,25.974499095507863,0.22163741660848452
1564A,韶山,湘潭,112.4876,27.9164,138,0.6108943294953828,400.64507848907243,80.27757574684803,0.05587826532702476
1585A,市环境监测站,包头,109.8756,40.6532,1054,0.22960326768929318,7955.403458553755,10.755748481487151,0.7998090928861329
1587A,东河城环局,包头,110.0067,40.5905,1032,0.20268822527919533,4834.64358576295,38.65554854952242,0.7135648096695977
1588A,青山宾馆,包头,109.8538,40.6821,1072,0.19917242043480765,9537.46145435199,23.768573971474993,0.7593054912952207
1589A,惠龙物流,包头,109.8654,40.6288,1059,0.21636634337125837,6462.709171196619,10.112164544670636,0.6743687071864815
1590A,东河鸿龙湾,包头,110.0377,40.5546,1006,0.19410502423822845,3300.7572636732984,17.974382958607425,0.5228110488957398
1591A,综合楼,鄂尔多斯,110.0023,39.8129,1455,0.21054511903894643,4421.040362792202,26.601164043621743,0.6833085708332088
1592A,巴音孟克林场办事处,鄂尔多斯,109.9486,39.8261,1466,0.21348858889832356,3203.923592336603,18.208505087354734,0.6455865903615363
1594A,华泰汽车城,鄂尔多斯,109.8119,39.5989,1288,0.2629793381329082,502.63331655868126,20.896857406304132,0.2801355587539438
1595A,奥林花园,鄂尔多斯,109.9734,39.7884,1438,0.216547622345133,3096.9779231074353,24.613122318963303,0.4716379662227909
1597A,大庆路,营口,122.2703,40.7094,3,0.28823144398161366,1951.134615864645,1.9764446497255654,0.39487335706848126
1598A,镜湖西路,营口,122.215,40.6511,-1,0.2288786498959672,4991.421552784071,2.024419329405986,0.7635575665067591
1600A,江湾东路,丹东,124.3303,40.0625,5,0.3306870290283027,811.5429376959968,22.20762497994439,0.32303674417617484
1601A,临江后街,丹东,124.4256,40.1503,8,0.34759093581696743,6262.727569950149,24.466529901504355,0.2895351545160327
1602A,元宝山,丹东,124.3933,40.1461,67,0.35391172340807614,7291.181347870092,39.61822662487062,0.4446493023124948
1603A,民主桥,丹东,124.3678,40.1194,13,0.32162130099525327,5922.669175367578,44.46244310640084,0.5674869828882153
1604A,开发区,盘锦,122.0247,41.1556,5,0.29080386983389495,1874.9347480147276,1.851057292262564,0.3976027468118786
1605A,兴隆台,盘锦,122.0539,41.0903,0,0.2899601814854737,2156.618283301858,1.5971017488340236,0.5799084159419992
1607A,龙港区,葫芦岛,120.9092,40.7136,29,0.3097256257521181,603.1458601093738,35.40978784618668,0.3501187907186061
1608A,化工街,葫芦岛,120.8392,40.7514,16,0.27119104581856107,2687.8856923976846,10.532586609530172,0.7728180227679596
1609A,新区,葫芦岛,120.8478,40.715,14,0.3047728167135195,1422.2747356209322,27.556409907940893,0.5940406920221611
1610A,东城区,葫芦岛,120.8631,40.7736,14,0.31397262539373033,3150.3765159414024,31.03355710257021,0.5729592986180851
1612A,津头埔,泉州,118.5972,24.8978,13,0.29841683348151843,8987.430508707417,30.088229585227737,0.6667629421985486
1613A,万安,泉州,118.6663,24.9424,12,0.3651267261289068,2587.0362781136887,38.508692956922204,0.3930351937917684
1618A,沂河小区,临沂,118.3418,35.0573,73,0.23128022026546982,6010.908799451773,3.94598278704335,0.7377033296223685
1619A,鲁南制药厂,临沂,118.295,35.0583,69,0.26066475520509186,3997.6531875259857,2.806538243028607,0.9102187631433516
1620A,新光毛纺厂,临沂,118.2764,34.9817,78,0.2972492585175923,1443.367572974557,4.8868550541076505,0.8439065708556752
1621A,河东保险公司,临沂,118.4023,35.0896,68,0.30569126723145174,2111.0484116284347,3.0855055685929065,0.7546894934737451
1622A,儿童乐园,德州,116.3061,37.4664,23,0.30669294280412673,3401.0822481924583,2.3050802435944577,0.7940862951983825
1625A,区政府,聊城,115.9848,36.4372,36,0.3081006471299184,3092.90335530699,2.349656691032806,0.6074439375203908
1630A,北中新校,滨州,117.9776,37.393,12,0.30553667937272005,2647.529600622949,1.7692906897922738,0.6745516517046147
1631A,人民公园,淄博,118.0482,36.8088,39,0.2975457424043609,5293.307745856029,17.431052885778463,0.8590423470442343
1633A,双山,淄博,117.8477,36.497,210,0.37806065375601405,2424.9082157537096,89.9406973052014,0.6958309261814997
1634A,气象站,淄博,117.9544,36.6377,91,0.33503938060862454,2889.1142261461578,28.877806195231216,0.628003484458715
1635A,莆田园,淄博,118.3092,36.8198,62,0.3866512090313662,2274.5444677915484,11.66294308569904,0.6445361461837805
1637A,市中区政府,枣庄,117.5564,34.864,78,0.3452155475666603,3048.794867976951,23.294282749567284,0.7875966928430845
1638A,薛城环保局,枣庄,117.2852,34.7837,62,0.3754577397463496,1774.7949817958909,30.907614350836845,0.5832770808218137
1639A,峄城区政府,枣庄,117.5852,34.7745,52,0.425367711706032,1119.6830840874197,44.6694041289644,0.44045032425765285
1640A,台儿庄区环保局,枣庄,117.732,34.5667,26,0.4614471344704541,519.1025009144405,2.8228862019680867,0.47666918909604605
1641A,山亭区环保局,枣庄,117.4518,35.0992,168,0.3997108529478645,713.781911597683,76.01702707371493,0.4398299636955146
1642A,开发区,烟台,121.2514,37.5639,7,0.24438509926223922,1790.683609775784,8.164214340435354,0.514480979453691
1645A,莱山环保局,烟台,121.4478,37.4822,21,0.31696167903889644,593.3513282217112,57.63625924198288,0.30095958380423277
1646A,福山环保局,烟台,121.2611,37.4967,8,0.32685330376243865,2770.8184216863738,27.2546010902332,0.5177671122575609
1650A,环保局,潍坊,119.1425,36.7008,33,0.2857789682258866,6916.626197193336,5.626557688337581,0.8359365872255133
1655A,电化厂,济宁,116.5546,35.4039,43,0.33300471881793864,5980.950905726361,2.892835565887113,0.6521270064705372
1656A,监测站,泰安,117.1436,36.1942,140,0.3489158057686731,5320.9054114512965,125.42589708298469,0.8198263562326962
1657A,人口学校,泰安,117.0881,36.1942,156,0.3631043936997775,2448.2255919885984,182.01091629546812,0.6978413701959919
1659A,监测站,日照,119.4641,35.4178,12,0.30224596935739534,1659.7919085621584,10.671024945825641,0.7433119932263935
1660A,市政府广场,日照,119.5198,35.4234,42,0.29142212453874194,3768.1534016985447,11.719458293508326,0.7553634957173281
1661A,港务局,日照,119.54,35.3962,14,0.23468645943415758,4749.835518199427,11.570877060715356,0.6807154633149646
1662A,华夏技校,威海,122.1206,37.4294,58,0.35668929242736486,591.4878750467337,74.49977461031936,0.45543688421410905
1669A,市八中,韶关,113.586606,24.769519,64,0.4901604112809806,2877.2974539173424,42.33799466145811,0.28496514582302745
1671A,园林处,韶关,113.598061,24.795928,64,0.46572969867276215,4817.3814434527585,33.130603196897525,0.44606852652667583
1672A,韶关学院,韶关,113.6734722,24.77908333,95,0.5867613796481539,1379.0026228813765,42.276702702657964,0.103601190336533
1673A,曲江监测站,韶关,113.5970833,24.68636111,65,0.5118083340265329,1268.416637594336,47.55820637684442,0.37205874486976515
1674A,金平子站,汕头,116.6794,23.3667,6,0.23205291369587822,14663.300276800479,12.981569115447916,0.5944477977127522
1675A,龙湖子站,汕头,116.7244,23.3633,10,0.2077003363473004,9604.285362193896,6.852054981068393,0.6474550271089456
1676A,濠江子站,汕头,116.7258,23.2775,9,0.3489850901776337,2095.4859543325715,30.67537107548091,0.19566303108427008
1677A,澄海子站,汕头,116.7519,23.4714,11,0.29689329838793216,6499.020433677085,9.518151588869781,0.6884270842318521
1678A,潮阳子站,汕头,116.6092,23.2539,20,0.4143439752788932,4546.9906238852855,46.9363565730682,0.4631530206732047
1680A,湛江影剧院,湛江,110.3539,21.2706,26,0.37330546990362873,4329.339013624647,12.412688906339708,0.5676599559699737
1681A,市环境监测站,湛江,110.3928,21.2228,25,0.2814451698755641,7686.611339108832,12.605410424280478,0.7036353532821771
1682A,环保局宿舍,湛江,110.4019,21.1997,13,0.28628635663125296,9089.576050614865,11.109513888133044,0.6301809588717658
1683A,霞山游泳场,湛江,110.4111,21.2028,6,0.27655697152444947,9736.558493040911,10.275364777936602,0.5084490337296171
1684A,麻章区环保局,湛江,110.3316,21.2679,33,0.4281395909587553,4017.950651575453,9.965258215434071,0.4519020132827986
1685A,坡头区环保局,湛江,110.4558,21.2567,13,0.343296959211218,1426.089838710946,5.032719271045871,0.27899951644759524
1686A,市环保局茂港分局,茂名,111.0286,21.4689,7,0.36825287585510896,2073.764853724669,6.772143759991176,0.15666692044996383
1687A,茂石化七小,茂名,110.9294,21.6533,29,0.3667011331899374,4258.126815522376,7.195616467111046,0.6684516275597959
1688A,健康路,茂名,110.9067,21.6669,30,0.3319677934732941,5447.293906221527,7.150527813979028,0.7343477111772672
1690A,嘉应大学,梅州,116.1278,24.3289,86,0.49054795201317153,2553.8106666949116,60.65476305034936,0.37983413832909335
1691A,梅县新城,梅州,116.0797,24.2719,94,0.4007269218122874,1878.7381714268756,43.189189999673054,0.5272405220505374
1692A,环境监控中心,梅州,116.1248,24.2654,88,0.4329841805627894,1700.6026153721723,94.8034776172668,0.4361546239856724
1693A,市环保局,汕尾,115.3653,22.775,10,0.37242264219010174,7204.1877053353,47.48712509870695,0.33733032486757725
1694A,市政府,汕尾,115.3706,22.7898,18,0.3856713502616622,6425.199500060967,42.89065586128172,0.37251520517897635
1695A,新城中学,汕尾,115.3622,22.7925,18,0.40297980255153354,6176.244440183611,44.55543193387156,0.3661259587782728
1697A,东埔,河源,114.6944,23.7586,50,0.3806369454593982,1396.1022073731358,45.92273694483366,0.6496338431750657
1698A,老城,河源,114.6892,23.7233,48,0.3906889293207897,4346.0131710089545,40.93772995654257,0.424110030046886
1701A,马南垌,阳江,111.9494,21.865,11,0.37132108809101994,3764.272246077574,8.127579151822832,0.6941344976416712
1703A,凤城街办,清远,113.0208,23.7106,24,0.3497571946642369,3804.9337383630486,19.844526402011066,0.5329377241604177
1705A,西园路,潮州,116.6339,23.6714,19,0.3063936678425146,6522.165811012438,18.808240677454492,0.6202932714237873
1706A,档案局,潮州,116.6447,23.6706,17,0.32792314208895634,6164.667906007251,22.622949371534226,0.544162029829309
1708A,新兴,揭阳,116.3697,23.5353,8,0.24238488641315042,6423.721758271274,6.44709578877865,0.7276870493885829
1709A,西马,揭阳,116.3242,23.5486,7,0.2536705860301318,5001.950789844879,4.424670527006563,0.676055481912125
1710A,东兴,揭阳,116.3594,23.5739,15,0.3264243798993494,4248.244755520813,35.800402834812694,0.5877222414013823
1711A,渔湖,揭阳,116.4094,23.5292,1,0.28396364518181566,5556.805677937962,3.034002070657188,0.5386358364507162
1714A,牧羊,云浮,112.0539,22.9539,80,0.5549400263088555,1906.155812795387,89.39406621668066,0.35870806598636074
1715A,东风水库,玉溪,102.5778,24.3694,1682,0.4664732519410114,2557.140315636476,111.05127501203143,0.2688991344195402
1718A,市气象局,菏泽,115.42277,35.248889,53,0.3265502672985189,3116.6943758850366,1.490550579868865,0.7693379112292829
1719A,市政协,菏泽,115.474722,35.2375,54,0.3078664307318727,2886.194895678289,1.775972530125715,0.8348443976780627
1723A,云冈宾馆,大同,113.2994,40.0758,1047,0.20339544270380025,3321.176387704636,13.406449595920726,0.774830588346732
1724A,大同大学,大同,113.3444,40.0917,1073,0.2331369699473658,1482.3092221276315,25.420580433690134,0.578011472920696
1725A,安家小村,大同,113.2661,40.1269,1096,0.23362771141855526,2530.0121389127344,84.38634683057602,0.4887404808424567
1726A,教育学院,大同,113.2711,40.0844,1057,0.20971036706066298,3676.1587942521805,22.505302817037215,0.8959574327520708
1728A,监测站,长治,113.0972,36.1939,920,0.2593882223406035,4085.5380893744477,11.265015005271954,0.8044874892445074
1730A,审计局,长治,113.0886,36.2126,924,0.27027700420877215,3189.843877524128,9.68281511536565,0.6931154233617208
1731A,长治八中,长治,113.0844444,36.1855,920,0.26636675538516874,3841.526446198219,10.408334315669759,0.6838308032267324
1733A,临钢医院,临汾,111.5531,36.0783,465,0.29729191649118736,3977.1340253602534,12.824150246244212,0.665183244766448
1736A,市委,临汾,111.5025,36.0875,451,0.28319296153791634,3857.541116368002,12.381940219326676,0.7231441050704
1738A,市中心,阳泉,113.5753,37.8564,682,0.3199789053958954,2448.2586205168277,81.13780078600279,0.6209084429781464
1739A,赛鱼,阳泉,113.4922,37.8792,778,0.40028679513539156,2346.3507556265745,109.88478799582118,0.17847703010433033
1740A,南庄,阳泉,113.5922,37.8561,673,0.30633595251645074,2079.072084709147,51.92560271945366,0.6428644084632172
1742A,平坦,阳泉,113.5689,37.8694,692,0.32166495886723706,2415.3499988702692,80.54827394777,0.6125707686133401
1743A,大阳泉,阳泉,113.5158,37.85,1110,0.41169414440697,3124.6798143179717,124.00117853183575,0.08735092302902261
1744A,松山一中,赤峰,118.9233,42.2814,567,0.22458266113284606,3869.5407176318236,13.196786892913872,0.7613606582909834
1745A,哈达街,赤峰,118.9572,42.2725,567,0.24173812643818499,3990.4096713806366,41.19934920658813,0.7673198440716874
1746A,天义路,赤峰,118.8789,42.2556,585,0.23763338125935624,1772.8999166950257,32.83111940747744,0.5905231370608339
1748A,深沟寺,鞍山,123.044,41.1196,86,0.33801717351247823,4539.553109798338,38.9225577812098,0.5285264022563354
1749A,太阳城,鞍山,123.011,41.0931,91,0.3285626182148107,7482.183995859851,38.88745133613516,0.5394061140432427
1750A,太平,鞍山,123.0485,41.1442,40,0.29900939128288156,3719.3821371946474,24.107749181054764,0.6236877975579378
1751A,铁西三道街,鞍山,122.9642,41.0971,33,0.2771933811872071,7808.814457557016,23.120528707949134,0.861222818639569
1752A,铁西工业园区,鞍山,122.9481,41.0833,29,0.29743317155599996,5713.736673925663,26.523545344531016,0.7458731688035767
1753A,明达新区,鞍山,123.0156,41.0831,92,0.34797687395824617,6627.509759775255,39.40486530423915,0.46735535101294984
1755A,望花区,抚顺,123.81,41.8469,77,0.3384571572305267,1326.4734543092993,45.923838228993354,0.5065046590766838
1757A,东洲区,抚顺,124.0383,41.8625,96,0.37209057606327894,285.9004326143126,27.249182530130795,0.34455014585317256
1759A,大伙房水库,抚顺,124.0878,41.8864,101,0.3905206228328187,480.1806750781432,27.840089009292832,0.12903060819900497
1761A,大峪,本溪,123.8436,41.3283,153,0.45489859868662424,836.5558636591559,99.77065527860195,0.26253812832396667
1762A,溪湖,本溪,123.7528,41.3369,136,0.4072129968053326,2013.4032074805432,83.94283668966943,0.21126488749044775
1763A,彩屯,本溪,123.7308,41.3047,112,0.3381087652117902,4703.866332356792,61.722202434662144,0.5387132309318735
1764A,东明,本溪,123.7669,41.2864,178,0.35867508919811114,6163.046756110842,108.8365656675899,0.6372051433848775
1765A,新立屯,本溪,123.7989,41.2692,213,0.4615316315091009,4593.985956740078,166.06588252018798,0.15512128484939677
1767A,南山,锦州,121.0986,41.0781,24,0.32228312569288664,2418.5111724350713,26.693040350863573,0.554409001617206
1768A,开发区,锦州,121.045,40.8333,17,0.22530857619219463,226.9259256633698,10.272400770344777,0.5092254544008288
1769A,百股街道,锦州,121.2008,41.1219,17,0.36543904722852977,4049.441584658214,47.244421371879206,0.34159263715361976
1770A,天安街道,锦州,121.1178,41.1222,29,0.25629368860891116,3906.0308249865725,12.224269447351256,0.8177367495992948
1772A,哈达湾,吉林,126.555,43.8875,188,0.2409447502548018,7503.883805978497,18.549471720175642,0.7693548766613307
1773A,东局子,吉林,126.5844,43.8358,194,0.2693038976064737,8426.794841241588,39.807666853174226,0.5948182684067317
1775A,江北,吉林,126.5786,43.8947,197,0.271083948591245,5730.78184263126,22.874139112988768,0.746100662249732
1776A,江南公园,吉林,126.55,43.8256,199,0.23731408077687052,8513.571406938372,19.741770617637815,0.7124229887215028
1779A,安居小区,齐齐哈尔,123.9305,47.3636,146,0.2338202358958516,4290.211285280958,3.442555835186311,0.460306256074519
1780A,中心广场,齐齐哈尔,123.9305,47.3386,151,0.2231915646348477,4894.097332232913,3.457925876572645,0.6350577302377705
1781A,农牧车辆厂,齐齐哈尔,123.9483,47.3227,145,0.2184316090512544,4513.347588849877,3.2524489157883507,0.7819730733098526
1783A,市环境监测站,齐齐哈尔,123.945,47.2988,145,0.23889887607115612,1929.5622801817954,2.9861669805083064,0.6241838843293135
1785A,文化广场　,牡丹江,129.6115,44.5782,236,0.21950099658992495,5090.147119316916,24.226471036069277,0.7948083250831589
1787A,机车工厂,牡丹江,129.6459,44.6104,230,0.2783375202097639,2476.4716006996837,43.27139910020967,0.5970412097344624
1788A,第一中学,牡丹江,129.6386,44.5462,234,0.2737910683578049,2510.7381197407767,37.208435220157355,0.35564046133731875
1791A,红岗区,大庆,124.8847,46.3991,142,0.23875966979081506,281.89015194586653,3.5549572916017125,0.2417750579819391
1794A,监测站,芜湖,118.3528,31.3508,12,0.3011399139235121,7459.1115217251945,6.28324993091769,0.46846873032646275
1795A,科创中心,芜湖,118.37,31.4189,13,0.298357612782223,1226.2971695712756,7.640018172817893,0.5211729856876713
1796A,四水厂,芜湖,118.3667,31.3139,10,0.29239583038187245,8585.56626700587,5.856400390243054,0.563201584232971
1798A,湖东路四小,马鞍山,118.5058,31.6861,22,0.33058146132220845,4674.991013489002,10.922217900840975,0.7356259759941115
1799A,天平服装,马鞍山,118.4828,31.6411,6,0.37631453919033125,2824.5359783474305,12.05366334002876,0.5145788451669248
1800A,慈湖二小,马鞍山,118.5106,31.7506,9,0.31278823719808363,1845.7248877178963,18.907567312614766,0.5073758416865545
1802A,市教育基地,马鞍山,118.6439,31.7133,39,0.6074875136627312,218.6934042523015,43.59000798012333,0.047826206314373544
1803A,十里,九江,115.9872,29.6816,28,0.3463953078885025,4140.681327837861,32.33587144635043,0.7391824698503984
1804A,茅山头,九江,115.9581,29.7048,14,0.21761605043292717,6332.592397346302,12.531797382776434,0.4771654077834505
1805A,西园,九江,115.988,29.7292,28,0.2594316666759028,5860.973521808022,14.531051764834176,0.4676500430362176
1806A,五七二七厂,九江,116.0174,29.6535,111,0.5496286232082571,999.6498310736897,169.73825537694321,0.20772614194521985
1808A,综合工业园,九江,115.9114,29.6039,62,0.5117538614883413,730.5829325799662,71.89233643702441,0.43846637274387423
1809A,石化总厂,九江,116.0726,29.7534,33,0.3150551897511886,1066.7804724198618,10.952568068089917,0.3453337802830599
1810A,庐山气象台(对照点),九江,115.9936,29.5867,1123,0.6697341532296318,193.65145094039826,359.74412502680974,0.020086056319840465
1812A,市委党校,洛阳,112.3939,34.6511,163,0.2975874966347222,7442.5045995079645,31.86511244524361,0.7954448025262564
1814A,豫西宾馆,洛阳,112.4664,34.6869,148,0.292064645930534,2486.1597087072746,30.724487212139486,0.7579027530794431
1815A,河南林校,洛阳,112.4831,34.6869,138,0.3039698375819865,2179.5235081463347,26.844062367787583,0.7189618747062722
1816A,开发区管委会,洛阳,112.3844,34.6231,170,0.33382340532266647,5298.82651626313,38.860561796077334,0.5838006609269594
1817A,市委新办公区,洛阳,112.4275,34.6258,146,0.3106795015975997,4675.747315916283,15.444517624612757,0.5793725520379462
1819A,红庙街,安阳,114.32,36.086,80,0.29138175263390875,5694.0949908260245,12.076603298980212,0.8272921901553268
1820A,银杏小区,安阳,114.358,36.087,80,0.2782745899852837,5937.507857022751,5.229503942789332,0.901931174191763
1826A,世纪星幼儿园,开封,114.2886,34.7967,80,0.30589800503883063,2985.9698180721407,2.1799333569231454,0.6908346310760144
1828A,市环保局,焦作,113.227,35.213,102,0.3116009804523186,4054.8879157753313,21.050379976915696,0.6723309995029688
1834A,平顶山工学院,平顶山,113.182,33.737,97,0.272213549840832,958.7774993631202,11.66340548877222,0.07132724712622947
1835A,市政府,三门峡,111.1928,34.7772,374,0.3187980963058558,2984.654823834154,55.85946983592436,0.6257136641769034
1836A,开发区,三门峡,111.158,34.794,339,0.29511401998997283,1819.777092900074,38.33183511775534,0.3144972309095076
1841A,伍家岗,宜昌,111.3549,30.6463,52,0.37340720663147003,2293.0179929076235,43.52021785925883,0.37905488319027686
1842A,点军区,宜昌,111.268,30.696,41,0.38036653996780373,4123.844256270308,28.4244401950404,0.3628547172862744
1843A,夷陵区,宜昌,111.3296,30.7819,110,0.42377733490439456,1750.5747130023626,53.632998874882034,0.3901962088143323
1844A,市图书馆,荆州,112.2551,30.3175,33,0.3119344813474551,5596.076105967093,4.832839554162129,0.559147828083521
1845A,市委党校,荆州,112.2068,30.3515,39,0.34061739122066964,4081.653795968634,3.170183574665787,0.614618277742273
1847A,南湖风景区,岳阳,113.1094,29.3578,41,0.25994905232756477,9046.249612079298,13.2243404305647,0.5258981512244606
1848A,城陵矶,岳阳,113.1493,29.4251,46,0.2896346225841647,2332.6068120040163,10.784245085796595,0.3476007342677733
1849A,开发区,岳阳,113.1772,29.3678,49,0.4122256488531381,3266.1078066420937,18.558593571123122,0.46237247224017824
1850A,云溪区,岳阳,113.2621,29.4758,56,0.5110375692202853,533.4831293763621,20.98495573811951,0.24651112922561372
1851A,君山区,岳阳,112.9943,29.4402,28,0.4358850079541216,861.6704915784422,2.2339679801906036,0.16290243238677007
1852A,金凤水库,岳阳,113.2117,29.355,65,0.5077148877962638,679.6701272188378,22.26430924582827,0.1631608948002553
1857A,白鹤山,常德,111.7158,29.1456,66,0.5797260390716515,159.77716643113004,83.039635624696,0.04175238584275564
1858A,永定新区,张家界,110.48,29.1389,206,0.5005979401455661,1794.2629125637275,98.00625283046206,0.29947623687702035
1860A,未央路,张家界,110.5594,29.3547,397,0.6526020793597698,286.91173223483855,185.2998898297245,0.09223431323494544
1862A,电子科大尧山校区,桂林,110.4144,25.3167,172,0.6448439745663279,155.41293446223906,133.6279605438207,0.0647978805230322
1863A,监测站,桂林,110.2819,25.2697,158,0.4062699793031482,6866.262339992986,34.44949143605871,0.5834704972475444
1864A,龙隐路小学,桂林,110.3089,25.2708,158,0.3858362757068533,5078.188701365021,16.27302013805479,0.633507861758713
1867A,海滩公园,北海,109.1436,21.4086,7,0.2948184031495676,2038.5516651194102,4.773588315450904,0.2333821509964469
1868A,新市环保局,北海,109.0981,21.4661,16,0.2747969741060515,4082.6769513134655,9.012630772136248,0.6692464612192619
1869A,北海工业园,北海,109.1778,21.5233,14,0.4060512498542545,3025.0303824774833,8.235762166826921,0.3350099788415024
1870A,柳东小学,柳州,109.4883,24.3898,136,0.5310756171277091,301.71948889130556,50.58351866713366,0.08144978357652244
1871A,环保监测站,柳州,109.4108,24.3304,102,0.2997275901443151,9478.233249712948,23.676074736047624,0.6696485489426203
1872A,河西水厂,柳州,109.3886,24.3406,95,0.2657559753388091,8147.409055783573,13.15595788384895,0.6959863087078139
1873A,市四中,柳州,109.4221,24.299,92,0.34041986058696194,7099.10504209493,26.39483503202911,0.5776182899464418
1874A,市九中,柳州,109.3957,24.3663,96,0.2851454519168249,5435.784191152104,16.626921958951527,0.6516957007614989
1875A,古亭山,柳州,109.4839,24.3158,88,0.49270105851772555,765.0971110630982,73.76226328157712,0.29632271321050424
1876A,河东子站,三亚,109.5078,18.2489,13,0.522624264815018,5392.825409770188,57.24728508935968,0.3297306855254679
1877A,河西子站,三亚,109.4964,18.2681,3,0.47491108126261733,5901.983701421339,35.77611607274724,0.3834076914338533
1879A,市人大,绵阳,104.7536,31.4539,457,0.32652162840425764,5310.982007163879,31.17419455077297,0.5487206370764425
1880A,高新区自来水公司,绵阳,104.6717,31.4656,475,0.3527658639848472,1971.9420100839184,28.100749528460796,0.5624156429489737
1881A,三水厂,绵阳,104.7283,31.5072,462,0.3481022115345073,3674.4819128857985,30.894449684556463,0.43853135876612204
1882A,石马中学,宜宾,104.5969,28.8194,309,0.45226001886496126,1632.7548361042725,67.76955031479302,0.30192288067192563
1883A,市委,宜宾,104.6225,28.76611,292,0.4026422271833067,4208.645627055886,73.87253986974535,0.4086461025873145
1884A,宜宾四中,宜宾,104.6061,28.7867,311,0.4077073969022012,3383.599939502431,65.55055709156177,0.3788414659408215
1885A,市政府,宜宾,104.6417,28.76389,314,0.42010077470879925,3570.7944351968317,93.72697149074487,0.3626826833994581
1886A,黄金嘴,宜宾,104.5761,28.71583,315,0.45385863613505995,1661.7001850541578,47.749919052582435,0.22056437838226245
1888A,弄弄坪,攀枝花,101.68912,26.57098,1219,0.4678823941576635,1987.3908313965821,165.18547453802933,0.25492966241907156
1889A,河门口,攀枝花,101.5769,26.5928,1102,0.49211326322239063,675.9265893188999,238.7057223592313,0.14223936392538197
1890A,炳草岗,攀枝花,101.7169,26.585,1124,0.45981087255540143,2784.178357142701,197.73584042932677,0.28218117501041384
1891A,仁和,攀枝花,101.7453,26.5017,1183,0.47465059130218895,1652.6899922442406,146.93554442355108,0.1493032049312917
1893A,九狮山,泸州,105.4306,28.9583,315,0.4215022674613514,2615.762757071015,21.404204122883616,0.1477820162345699
1894A,小市上码头,泸州,105.4436,28.9026,254,0.2798479997649453,3551.932615454631,38.00891194384597,0.4868489371674077
1895A,兰田宪桥,泸州,105.4322,28.8558,295,0.35273343272085417,2139.2734089334385,44.16967510348549,0.3953034605499081
1896A,市环监站,泸州,105.4322,28.8833,305,0.288238273711673,3202.1354588791646,33.807198685581064,0.4773926287699244
1901A,东山公园,德阳,104.4219,31.1208,521,0.43143283463506454,3034.6182765409176,21.489230439793367,0.4052122168184292
1902A,西小区,德阳,104.3883,31.1333,499,0.37153838012524243,4147.406740222955,13.480177352919192,0.7577601269255805
1904A,耐火材料厂,德阳,104.3539,31.1108,489,0.3527764669882761,2285.264790921979,7.654457132272639,0.595181672903189
1905A,西山风景区,南充,106.056,30.8064,424,0.467609313689718,4954.599184252773,40.816834997421196,0.3059891346020283
1906A,南充市委,南充,106.0789,30.8023,280,0.3893127193573145,6088.254810760758,34.33713797679111,0.5421708062906314
1907A,南充炼油厂,南充,106.1031,30.8217,303,0.36094112801336115,5111.163041946305,25.49663408239716,0.4649376680841035
1908A,高坪区监测站,南充,106.1064,30.7856,297,0.37167935042789757,5641.517887053108,31.321087217890017,0.4765070414115704
1909A,嘉陵区环保局,南充,106.0642,30.7636,280,0.384551703912167,3993.609313297495,35.06573341890193,0.4089965681277498
1910A,市环境监测站,南充,106.1087,30.8388,336,0.38774448832407893,3606.7919234147375,24.211208936353536,0.31908200142219595
1911A,丁字口,遵义,106.9222,27.6869,819,0.3994918779899954,5800.330806520873,51.63101815468238,0.5153570512461314
1912A,凤凰山,遵义,106.9242,27.7019,951,0.41974495224089214,5859.105256963059,51.7456336609921,0.597154454213652
1913A,忠庄,遵义,106.8906,27.6486,867,0.40539285329971714,1101.3557490025776,56.742394507235026,0.44771201908807684
1915A,干田坝,遵义,106.9178,27.72,855,0.4470790793809477,5425.130513464695,52.41020846335753,0.46337647851244157
1916A,环境监测站,曲靖,103.7897,25.5035,1895,0.34318513655789573,3028.314639081253,45.70147015413297,0.7164135004294961
1917A,烟厂办公区,曲靖,103.8,25.5364,1881,0.35347681678838355,2014.6180939407295,26.05889572321352,0.6141048420219792
1918A,气象站(对照点),咸阳,108.7197,34.3956,471,0.37891808752649087,1497.4825094688313,30.691472264795085,0.22576090902377097
1919A,中华小区,咸阳,108.6761,34.3181,387,0.29947367834038735,2708.498300871828,13.022321895666009,0.6628914187003089
1920A,师范学院,咸阳,108.7233,34.3617,416,0.3304573586809468,3420.4833601804016,34.9428894481646,0.5838979740364814
1922A,党校,铜川,109.0656,35.0994,922,0.4333190640074195,1935.9582176870872,73.68226828268978,0.12790602215000058
1923A,王益区政府,铜川,109.0697,35.0697,825,0.42699933934866335,1943.5433296969695,63.249485454161025,0.23628667779132548
1924A,新区管委会,铜川,108.9344,34.9058,734,0.38446374259646804,1344.204690852614,57.77814989957516,0.4725295844071815
1930A,庙沟村,宝鸡,107.1586,34.3708,593,0.41481041819472564,4494.555379581444,91.71035563185065,0.5774057937447844
1931A,竹园沟,宝鸡,107.0708,34.3017,729,0.6134935807648468,85.91024512265233,206.22718305597667,0.023014827549939765
1933A,监测站,宝鸡,107.1431,34.3547,587,0.42112828026031135,3997.9753236769507,75.94530677657124,0.5857331695446245
1939A,日报社,渭南,109.5049,34.5004,356,0.35396306412368145,2772.4110977017453,64.57486024687792,0.7284381733468981
1940A,体育馆,渭南,109.4636,34.493,361,0.35779258723143165,2404.3744889732266,76.66812267889712,0.656481252333757
1941A,高新一小,渭南,109.4266,34.5021,352,0.38225953736727136,1020.5480951290157,63.58450247919123,0.5511543917478213
1943A,新川苑,金昌,102.1725,38.5339,1511,0.16058199777707455,840.9739624617665,36.17475122006342,0.4660439456523278
1944A,公司二招,金昌,102.1708,38.5061,1540,0.15717392127970348,1319.7436132779656,76.3982108754238,0.5751720884690738
1945A,气象局,嘉峪关,98.2908,39.7711,1658,0.1550152978238958,1585.2765899658555,36.282254076256045,0.5776853208014531
1947A,沙湖旅游区,石嘴山,106.3394,38.817,1104,0.1971102802942739,28.987781211524908,2.082369057846006,0.016833212542107078
1948A,大武口黄河东街,石嘴山,106.3717,39.0153,1119,0.22056599190323672,1533.973897787356,30.42018467603298,0.6971556972294486
1949A,惠农南大街,石嘴山,106.7704,39.2282,1099,0.17926103262437737,926.684352786146,16.991314783085738,0.43427114130082867
1951A,长征新村,克拉玛依,84.8861,45.6033,393,0.16965356453110358,1839.4015933531757,55.006447364654576,0.447339431352657
1952A,南林小区,克拉玛依,84.8897,45.5828,359,0.17578654763070642,2067.127181894746,43.910022270951465,0.545051279571949
1954A,独山子区,克拉玛依,84.8983,44.3336,736,0.1593056252237513,650.902664829526,70.34491302229729,0.3687821275191448
1955A,乌尔禾区商贸楼,克拉玛依,85.6931,46.0872,305,0.21613237695023743,75.34455547865588,13.21912291457155,0.13764258063139875
1958A,经济开发区,库尔勒,86.2381,41.7128,976,0.12954237453629527,260.20303297144477,40.07067681863282,0.3399984247613215
1961A,东山小学(新增191218),章丘,117.541,36.71,73,0.3544715878923393,2062.8961067665623,38.33021856211729,0.6751035348847463
2054A,平桥分局,信阳,114.1044,32.1078,85,0.3981464222247921,2454.684099468977,23.081236437020124,0.6803993575887947
2064A,南湾水厂,信阳,114.0122,32.1403,85,0.517272986926306,1306.656506903473,27.665866635867435,0.19247642946879445
2065A,市酿酒公司,信阳,114.0681,32.1342,83,0.3955267153162689,2564.0814851122336,22.7094802042598,0.7490101757276332
2066A,审计局,信阳,114.0614,32.1383,84,0.4105637480487908,2479.0630244694994,24.89559781718691,0.6869618587870504
2067A,市环境监测站,周口,114.6613,33.6128,49,0.3496357390427806,3319.990899322891,2.426993600923547,0.6987256977378334
2068A,周口师范,周口,114.6758,33.6347,53,0.3694956477011227,3025.589030644883,2.3117291936380706,0.524407618826517
2069A,市运管处,周口,114.6546,33.5979,52,0.3718976578267261,2988.6631963150217,2.4482411316134853,0.6957030113066283
2070A,川汇区环保局,周口,114.6369,33.6406,52,0.3971385254011878,3082.120791966011,2.379661392463177,0.5443520474793387
2160A,自来水公司,晋城,112.85,35.5051,742,0.30617639100670124,4374.724624698932,38.21610151789641,0.7101936325738483
2161A,白云商贸,晋城,112.835,35.4934,699,0.30385562259364646,4310.149146094858,31.71178414806613,0.7659273599060364
2162A,市环保局,晋城,112.8564,35.4883,708,0.30428177917796306,4319.480305730427,33.23865070297898,0.7313325063983117
2163A,技术学院,晋城,112.8664,35.4894,724,0.30619776266423604,4171.264085407362,33.91644359986022,0.6503861566192866
2166A,平朔,朔州,112.44,39.3514,1101,0.2703859590568406,2039.5808229884753,17.208342251731853,0.5094611397387955
2167A,朔唯,朔州,112.4549,39.3606,1101,0.28103108309319075,1069.8999608197032,19.70760812087789,0.41151956826057956
2168A,区政府,朔州,112.4254,39.3179,1097,0.2558926563931971,2832.5009624064455,14.861994418419766,0.6398224218977879
2169A,市环保局,朔州,112.4078,39.3265,1104,0.25035693299304584,2666.327810905017,20.794915908146727,0.6143976917199995
2171A,锦纶小区,晋中,112.7549,37.7019,820,0.2691197427620097,3527.46894383585,35.09629572782797,0.6208372276353196
2174A,榆次区政府,晋中,112.7105,37.7087,800,0.2592923075555233,2713.3122251852624,14.820171373590325,0.593359295101009
2175A,运城中学,运城,110.9956,35.0147,367,0.19422386036148043,3542.9943600133033,21.731988048197064,0.6216823108405363
2178A,地区技校,运城,110.9678,35.0308,362,0.30274927569148546,3243.623058409928,11.854953988983054,0.6518484524370606
2181A,开发区,忻州,112.7383,38.4519,782,0.29085462492352926,2006.5289897221244,6.5571088653736265,0.4338671661057455
2182A,会展中心,忻州,112.7003,38.4928,786,0.31003668374220233,482.0603776055027,48.10731220440614,0.210611612808509
2183A,环保局,吕梁,111.1406,37.5211,939,0.32383371302347613,2327.1610823899455,61.32319236659387,0.4138512191149594
2187A,市林业局,乌海,106.8089,39.6969,1095,0.19017310497416123,1289.212289416539,31.213673792690273,0.49980553004653006
2188A,中海勃湾学校,乌海,106.7931,39.6572,1094,0.11532682650218191,1126.9299816524988,44.90521239159503,0.40688411950524817
2191A,艺术职业学校,通辽,122.2532,43.6801,175,0.2724193549704392,873.738829109223,1.9751094311369393,0.4051017732741313
2192A,区环保局,呼伦贝尔,119.7594,49.2261,614,0.24918410450048198,1543.8124489465424,18.977815847917075,0.5314171010183477
2195A,附中,巴彦淖尔,107.4211,40.7608,1040,0.22760843744070455,2679.1519847344157,1.6497740749934535,0.6940505857752572
2196A,市环保大楼,巴彦淖尔,107.3715,40.7378,1040,0.2491151977870444,2107.3845798240773,1.4165208511360876,0.4842906193396008
2197A,集宁新区,乌兰察布,113.1306,40.9923,1373,0.2621528369058405,1744.6379668214233,39.903637064236364,0.5077098514318991
2200A,胜华新制药厂,兴安盟,122.0506,46.0703,273,0.3037128506404914,1899.874570740586,19.076020080606124,0.6611888085284682
2201A,科右前旗环保局,兴安盟,121.9462,46.0756,299,0.3375277772201105,145.81160895997954,27.815934298567388,0.3662874972017006
2204A,体育场,阿拉善盟,105.6775,38.8343,1545,0.1842981471264448,781.6277091508143,59.476593204714824,0.4197153643285927
2205A,盟环保楼,阿拉善盟,105.6975,38.843,1588,0.19197499489812045,810.6294472018934,68.46521916330764,0.5645898603757021
2206A,环保局新楼,阿拉善盟,105.724,38.8516,1658,0.18546212000971599,691.1109513778007,81.61597663504044,0.42461297598534875
2207A,工业园区,阜新,121.6178,41.9967,127,0.26261303203050246,2267.76228822325,31.14600181874045,0.7895012222423833
2208A,长青街,阜新,121.6561,42.0186,138,0.26405270176881757,2169.7711859472474,46.53768997427864,0.8306007766312369
2209A,农业园区,阜新,121.6972,42.0503,154,0.31378856594567256,1365.4308920965634,22.46171766305681,0.4507595932236898
2210A,东苑,阜新,121.6722,42.0228,145,0.27531893355716336,2126.6852965578064,47.99292902681766,0.7707890372736337
2211A,玉龙新城,阜新,121.6592,42.0486,158,0.31105879508351203,1351.5869685196392,29.811229923747536,0.49289359806488425
2212A,宏伟区,辽阳,123.2,41.1953,84,0.3640657343718869,1457.4953089022997,46.021785499239655,0.5354573393407643
2213A,新华园,辽阳,123.15,41.2553,24,0.2959234045359301,3675.3984957731022,6.6712983779057895,0.6986137293128368
2214A,滨河路,辽阳,123.1761,41.2736,29,0.28197501761162497,3968.7371110967974,3.55971268743194,0.8021997740444857
2215A,铁西工业园,辽阳,123.1417,41.2894,22,0.3061466082574179,2391.240053536908,3.66635142114894,0.5551102259454991
2216A,汇工街西,铁岭,123.8139,42.3022,61,0.3565157157828378,1865.1340069664461,11.142940040810071,0.3842182930733664
2218A,银州路东段,铁岭,123.8489,42.2864,78,0.35764253172194865,1585.2550065852113,24.188709544018753,0.6880940219951275
2219A,金沙江路北,铁岭,123.7153,42.2217,57,0.37634560465679895,258.0447723165809,11.739951478714291,0.2673935955206169
2221A,河畔小区,朝阳,120.4486,41.5672,171,0.29927802124699365,3141.6903818782107,68.57931978236155,0.6989727122657818
2222A,八里堡,朝阳,120.4247,41.5647,175,0.2852936682000998,2949.19609035177,23.42219890693958,0.7257493230414892
2223A,农业园区,朝阳,120.3939,41.615,220,0.3257972612064279,2210.3133058497683,33.42555365167534,0.3268509681468171
2225A,一商场,四平,124.3711,43.1594,172,0.2746096244130519,3701.42898032799,11.777600628358256,0.8598679230570613
2226A,境园,四平,124.3897,43.1847,167,0.29220675417234715,3209.781821843653,11.838523344063436,0.6281673901727985
2227A,环保局,辽源,125.1358,42.8947,263,0.3206848757035327,2324.6179293352825,22.229985492627197,0.6307680003797448
2229A,光明,通化,125.9361,41.7156,376,0.3917400970321152,2827.7384846918085,70.51793399571022,0.4357308809120251
2230A,铁路,通化,125.9486,41.7381,370,0.3659850255136063,2775.090774370773,61.5150826821366,0.41613436291169964
2231A,喜丰,白山,126.4047,41.9206,464,0.39891437584894557,2366.0837736955536,63.18434698319379,0.3964939122617971
2232A,环保局,白山,126.4078,41.9419,471,0.39195226171042996,2465.3700503054615,64.46996526150073,0.43141190792242773
2236A,市环保局,白城,122.8211,45.6175,153,0.29959447886701845,2272.5449765119843,2.597099240195588,0.7724894105838523
2237A,妇幼医院,延边州,129.4892,42.8939,177,0.3123199658916868,3455.9652174282824,41.413131064030594,0.7072604979683682
2239A,朝阳川镇医院,延边州,129.3675,42.8775,204,0.3795037935724578,97.35757517397775,40.970052714008524,0.21277665140989313
2240A,环保局,鸡西,130.962,45.2924,225,0.2765515490600597,2361.847337970685,32.02006255057493,0.6572068534472973
2243A,气象局(对照点),鸡西,130.9298,45.2978,276,0.2818703250979206,2139.4029269306106,32.00172272279569,0.55925590617161
2244A,哈啤分公司,鹤岗,130.2659,47.3349,158,0.2899477326947696,2732.76392912122,35.43223184113454,0.6334764602607281
2245A,斯达机电,鹤岗,130.261,47.2753,154,0.272670841207,2287.888408252712,22.593855217822863,0.6094723053399281
2248A,双合村,双鸭山,131.1638,46.6572,157,0.328506104435711,840.7002789759141,41.62425940172374,0.42043935126903964
2249A,南小市,双鸭山,131.1651,46.619,168,0.3613318887767349,1379.793033008977,74.59616512543575,0.36273027899891536
2250A,环保局,双鸭山,131.1516,46.6462,141,0.3322129923379912,1105.1162029343125,42.61087241866481,0.5057507719864144
2252A,中心医院,伊春,128.8736,47.7222,227,0.47348130717257386,907.7781713087203,86.73138603223289,0.34012978890752193
2253A,林管局,伊春,128.9094,47.7317,233,0.45640988158045104,854.8180074844239,83.73544261990025,0.2327853093347729
2255A,佳纺,佳木斯,130.2719,46.8025,86,0.24578204336556111,992.5168249583447,6.1025121267465945,0.39674677347958626
2258A,十一中,佳木斯,130.3648,46.8032,81,0.22323130171828293,4083.006318873614,9.746097474479688,0.7221648943242961
2259A,四丰,佳木斯,130.3794,46.7588,121,0.3063317522066601,2296.2857424364993,31.95817015094212,0.19462133427843456
2264A,党校,黑河,127.5044,50.2391,132,0.2478283828562209,1513.0796222410572,16.122774520606313,0.4988749721040816
2266A,人和东街,绥化,126.9934,46.6384,184,0.2797512283505409,1923.6243877317927,4.941818974362314,0.7114724100756038
2269A,公安局,大兴安岭地区,124.1303,50.4217,396,0.3524017555929385,968.1119348433881,45.12914203374817,0.4008731666035254
2270A,工人疗养院,蚌埠,117.3961,32.939,33,0.32857456066774887,4463.718390701839,6.353800619479141,0.5333588718938621
2271A,百货大楼,蚌埠,117.3605,32.9427,31,0.30745617385365653,4946.4874144379955,6.053508084950923,0.6315124728055762
2273A,蚌埠学院,蚌埠,117.4186,32.8913,22,0.4279930462328957,485.84099536947525,15.41981505279021,0.21373278910654472
2274A,淮上区政府,蚌埠,117.3536,32.9673,19,0.3453833759590792,4234.971021622711,4.163871724394053,0.4806724585641227
2275A,高新区,蚌埠,117.3065,32.8985,25,0.3738644534957042,1571.3359985514528,7.454573201016484,0.5085459424382869
2277A,潘集区政府,淮南,116.8028,32.7639,23,0.474526261621885,952.2285798564423,2.042995391358149,0.30887438256182204
2278A,师范学院,淮南,117.0083,32.645,30,0.39649745452170254,6223.337633021235,26.875490337982082,0.6820471919753565
2279A,谢家集区政府,淮南,116.8556,32.6028,46,0.4190523278862355,1898.9079862980805,23.238990270248905,0.4208667419369096
2280A,八公山区政府,淮南,116.8306,32.6319,46,0.4448339714131506,378.2612359191483,40.568355915955074,0.31200908721764975
2281A,焦岗湖风景区管理处,淮南,116.7039,32.625,21,0.5103768022684638,276.8318519321092,2.8865558209618976,0.039655554616563594
2282A,监测站,淮北,116.8008,33.975,45,0.36364778989674895,5007.962622763269,45.03428140297544,0.6012915315658871
2283A,烈山区政府,淮北,116.8067,33.8997,31,0.35520158738861674,3508.1675569944523,8.1321134978181,0.35587762769871584
2284A,职业技术学院,淮北,116.7844,33.9461,34,0.3310146701388889,5277.763915524009,27.465216994172554,0.7393435443452028
2285A,市第四中学,铜陵,117.8178,30.9414,24,0.3859047184000155,3211.386834939941,47.45074200154955,0.5873846361101178
2286A,市公路局,铜陵,117.8078,30.9222,48,0.43720075789394924,3476.3880066554834,66.94777382218344,0.45343265220846113
2288A,市第九中学,铜陵,117.7442,30.8811,11,0.39125683141475953,1512.7747642533582,63.757045931483894,0.16900923286771954
2289A,车站新区,铜陵,117.8561,30.9219,12,0.48309031232744676,2308.4424545248767,56.31171687798275,0.21152972501654832
2290A,市职教基地,铜陵,117.8472,30.9697,7,0.3838397558231238,1493.674865224098,13.654022688817193,0.3412481510444675
2291A,环科院,安庆,117.0549,30.5103,21,0.3132358891204567,5446.650399316088,9.373990895294321,0.4690012941151418
2292A,马山宾馆,安庆,117.0331,30.512,39,0.3262049751802721,5189.25805557185,11.68589530248274,0.47125317563842134
2294A,安庆大学(191227更为评价点),安庆,116.9896,30.6145,31,0.525384843088211,484.92371183686475,101.972291315748,0.18637163823252406
2295A,延安路89号,黄山,118.3057,29.7128,136,0.49676762212803355,1978.4713510030335,28.419933809945775,0.5103833996984838
2296A,黄山东路89号,黄山,118.3236,29.7207,140,0.5274036573836497,1785.3539922695372,38.74755996526796,0.3810126284341476
2297A,黄山区政府5号楼,黄山,118.1371,30.2756,166,0.5797970550039079,434.309096162138,78.44055373826247,0.22678085815622906
2298A,老年大学,滁州,118.3094,32.3153,17,0.37349911594733654,3160.088764547562,38.0081631065846,0.4669836521849554
2299A,人大宾馆,滁州,118.3244,32.2786,22,0.3844302802661538,3007.608390740447,38.25502573864277,0.6285869095586041
2301A,市监测站,阜阳,115.8275,32.8928,33,0.33104035036121426,5172.12133536886,2.1510716123127076,0.7112533928456687
2303A,开发区,阜阳,115.8556,32.8603,29,0.38836703533201533,2759.4099956323757,1.9529269427793194,0.6235695244851877
2307A,监测大楼,六安,116.508,31.7371,61,0.3731511411609683,3109.078728328282,13.580565901195467,0.5302239401213933
2308A,皖西学院,六安,116.478,31.7618,44,0.3794486457521351,3661.8891065884563,9.707384678162422,0.4952550622422741
2309A,朝阳厂,六安,116.5068,31.7797,44,0.36854841256674525,3407.7448602993254,11.499037854924456,0.43456209005767593
2310A,开发区,六安,116.5661,31.7712,52,0.3915498702256245,873.480723086517,9.06810349692525,0.40840888439067313
2311A,污水处理厂,亳州,115.8067,33.8399,37,0.3892745568876209,1883.0365002515537,2.3879349591265995,0.40576450405277487
2312A,三国揽胜宫,亳州,115.7831,33.8561,39,0.35884791326015936,2650.5582302798225,2.480032568719,0.6957906053589156
2314A,池州学院,池州,117.4697,30.6617,19,0.4435852251246366,2018.8104055792414,6.857862112698588,0.4430848290692819
2316A,鳌峰子站,宣城,118.7581,30.9447,34,0.43090550651297116,2047.9876047278872,15.647827688853457,0.4799978852732641
2317A,敬亭山子站,宣城,118.7386,30.9742,31,0.4945776321645789,1657.5331514040636,45.48342484253621,0.2608797530473767
2318A,开发区子站,宣城,118.7175,30.9431,38,0.45870017475933555,1781.05917750106,36.75370899338439,0.43895046237052543
2320A,莆田市监测站,莆田,119.0018,25.4552,21,0.4898558299022904,3743.9068755558874,127.39327952088091,0.3919470037126858
2322A,秀屿区政府,莆田,119.1015,25.3214,17,0.40057083552772804,1163.4010858303157,25.658583907610627,0.36571467182949763
2324A,三钢,三明,117.6211,26.2625,163,0.5286201972874695,2436.3861371279513,207.55848569463873,0.33072493012398196
2325A,三明二中,三明,117.6353,26.2708,156,0.5398863749368884,1873.8724528462458,216.29479468734567,0.3170839478298792
2326A,三元区政府,三明,117.6028,26.2378,145,0.5419930382563257,2712.584500147781,179.6495484867693,0.2653573035364522
2332A,南平市监测站,南平,118.1694,26.6383,101,0.5577667985169661,2052.7271507082983,113.76603775053891,0.25317002107394326
2333A,南平铝业有限公司,南平,118.1819,26.6514,111,0.5520480616474832,2134.1617306898233,106.30184055367232,0.2250759749318217
2334A,南平七中,南平,118.1756,26.6272,119,0.5663787203202041,2066.8138155737593,110.76020963515752,0.2412333521785239
2336A,龙岩市监测站,龙岩,117.0216,25.1035,354,0.4134974848206099,3617.206507812169,81.6846233239512,0.572564106252035
2337A,闽西职业技术学院,龙岩,117.0256,25.0661,358,0.44335787175789937,2943.8566020670346,91.07511847161706,0.4655225017675849
2338A,龙岩学院,龙岩,117.0151,25.0311,390,0.5315626231799621,630.2000568619355,148.95107371723242,0.2932382860466918
2341A,宁德市监测站,宁德,119.5392,26.6611,3,0.44947069950108737,2255.614824855712,198.3332055899415,0.4846793566449589
2342A,王岗中学,景德镇,117.3097,29.3864,52,0.6580891134779558,80.21811685784301,33.63420529425334,0.01903307865681938
2343A,老干部活动中心,景德镇,117.2111,29.2958,49,0.3942544713558249,2886.851460548496,48.21492367307044,0.6760654409830346
2344A,兽医站,景德镇,117.1983,29.2786,51,0.430999616358442,2788.351677668398,86.14617478546597,0.5206977378847304
2345A,台达陶瓷,景德镇,117.1558,29.2647,37,0.44706188903304517,1385.997170849579,66.05592763656304,0.3848674494227194
2346A,陶研所,景德镇,117.2461,29.2956,41,0.4685821372740062,1570.6693751317541,69.42974212971593,0.4520620562736764
2348A,中医院,萍乡,113.8381,27.6428,103,0.38893437214415666,4493.800560444592,36.26640330986779,0.6422344645405174
2349A,市政府车库,萍乡,113.8447,27.6231,97,0.41551127323537873,4357.113509458271,38.14370846188238,0.5703070560422142
2350A,市环保局,萍乡,113.8686,27.6442,108,0.37345604211164285,4372.748406058363,22.28179805041905,0.6591038498083744
2351A,安源区政府,萍乡,113.865,27.6178,133,0.42794082003621914,4225.962694561693,53.398754509528914,0.5511180743674745
2353A,飞宇,新余,114.9831,27.8344,56,0.3712537404723,2258.9810168347162,16.70354868394962,0.45732769772748716
2354A,第二水厂,新余,114.9289,27.8328,63,0.38121288566199196,2923.990621502478,53.452256513677426,0.6055216549915953
2355A,市气象局,新余,114.9314,27.8036,76,0.3184339108514765,4019.3702754472883,13.428860901122329,0.6623817889799202
2358A,新监测站,鹰潭,117.0564,28.2642,36,0.3916484860584698,2160.584190056198,8.748474321500778,0.3057703480932582
2360A,体育馆,鹰潭,117.0222,28.2264,43,0.388809979016358,1703.6683435885066,12.497844190539665,0.5276764198011741
2361A,三川水表,鹰潭,116.9983,28.2169,38,0.3987015415537943,1238.546264821921,8.03545594266505,0.32211555496906874
2363A,地委,赣州,114.9367,25.8664,121,0.33102488405780656,5783.501805451821,17.595700694390892,0.500685843516066
2364A,气象台,赣州,114.9461,25.8481,126,0.3071942858735864,5922.952843022443,17.52804084298106,0.6151458562847718
2365A,市图书馆,赣州,114.9322,25.8333,106,0.2864089690348815,5795.339836382936,14.147020399882438,0.6924446734824395
2366A,华坚鞋城,赣州,114.8905,25.8471,138,0.28629162709238803,2951.844239113712,14.24848267694518,0.6191713782854928
2367A,红声器材厂,吉安,114.9817,27.0658,73,0.3695843093810113,1889.4514384541415,13.009354998800553,0.15212901961343378
2368A,市森林工业局,吉安,114.9739,27.11,74,0.3260769081052172,2575.980713071069,12.663939254085186,0.4976275345355947
2369A,市环境监测站,吉安,114.99,27.1311,57,0.32626236177195345,2692.723848095537,13.962262775651325,0.43763360013534164
2370A,青原区法院,吉安,115.0075,27.0983,53,0.35023522200782586,2683.751658501199,13.353102561594548,0.35971770475820286
2373A,市石油公司,宜春,114.3953,27.7842,101,0.4305874637915558,3232.9133414417056,29.074068539745888,0.48843652277096894
2374A,市气象局,宜春,114.3703,27.7914,124,0.4199591643328408,3273.2012627083586,33.58892886981027,0.5029028334478053
2375A,市广电局,宜春,114.4011,27.8072,96,0.3878719051460976,3716.7817865292354,19.181256995970916,0.6210737779248594
2376A,桐源党溪,抚州,116.2239,28.0797,38,0.539433244081677,279.3730496872373,40.18339956003006,0.06356149976827416
2377A,市站,抚州,116.3553,27.9883,47,0.34384575797769035,4207.935125292299,6.954990437580775,0.5773606945807743
2378A,血防站,抚州,116.3598,27.9639,50,0.317049165477392,3544.7057352397605,8.007316960530897,0.6494534977336381
2379A,采茶剧团,抚州,116.3574,28.0005,46,0.3663158890176285,4061.4079530106887,6.0021563788022325,0.47833908538773406
2380A,医学分院,抚州,116.385,27.9647,47,0.32350921868950494,2817.701625242181,9.303360504272026,0.44344290658980356
2382A,市监测站,上饶,117.973,28.4459,81,0.4053256504914935,2830.612637177477,21.035024644619025,0.5348523099373751
2383A,凤凰光学,上饶,117.9511,28.4622,86,0.3615199876997882,3220.1509677363288,19.95217450297903,0.5887880616757568
2385A,市监测站,鹤壁,114.17,35.9019,177,0.3621838800570915,2143.083802461714,41.789274885285515,0.47559720417731394
2386A,市交警支队,鹤壁,114.2956,35.7511,90,0.3902948182778279,2078.309196247557,9.638587362917423,0.687244727801729
2389A,环保西院,新乡,113.836,35.31,76,0.32273786422185824,2844.7815262644103,2.325878821494119,0.6905599464432062
2390A,开发区,新乡,113.884,35.272,74,0.32145053269609447,2794.720464725773,2.330609068027374,0.8516028268010108
2391A,环保东院,新乡,113.883,35.303,72,0.2821975903517443,6401.875343616447,2.5701404575429576,0.8958626873582362
2392A,环保局,濮阳,115.031,35.763,57,0.3141480601308722,3633.9947765034817,2.1712483598535197,0.8050260272024918
2395A,油田物探公司,濮阳,115.0772,35.767,53,0.3404964926326426,1682.149725349927,1.90645445545189,0.7640525047157559
2396A,监测站,许昌,113.8331,34.0117,72,0.349632144505876,4889.197262628412,3.656100745905081,0.7394666293840967
2398A,开发区,许昌,113.7906,33.9953,68,0.40644736026630274,3864.095295389094,3.0800745620776766,0.5178160063024744
2399A,三五一五工厂,漯河,114.056,33.567,61,0.3562046772006225,4505.167357437358,2.88298858524455,0.7480240666414323
2400A,漯河大学,漯河,114.005,33.568,64,0.34687336717828504,4226.990897258636,2.5916990879849893,0.7096898947969887
2401A,水利局,漯河,114.014,33.581,64,0.3373337440478665,4573.029036937245,2.8092906259855206,0.7478956552057657
2402A,广电局,漯河,114.0322,33.5653,61,0.3476888495836335,4834.534296876879,2.8992467907918202,0.7521593164302157
2403A,环保局,南阳,112.5192,32.9917,132,0.28291273524114835,5459.672635753792,8.448754726490765,0.8047307329530787
2404A,瓦房庄,南阳,112.5224,33.0122,131,0.30208723179778485,5087.9302076295235,8.805453628727728,0.8693295115709927
2406A,气象站,南阳,112.5573,33.027,126,0.3412707287881963,3052.84060022716,19.830528908546608,0.7465867806546633
2407A,理工学院,南阳,112.5481,32.9689,121,0.32378750820394425,4374.999709270295,4.209525923556378,0.5878382730170015
2408A,环境监测站,商丘,115.6697,34.4286,49,0.3044682869503722,2620.1174363167047,2.18032434315864,0.7381811395028806
2409A,粮食局,商丘,115.6558,34.429,53,0.29061346504946844,2693.4952742148826,2.2234603449806576,0.8330409718206896
2410A,睢阳区环保局,商丘,115.6386,34.407,48,0.28728233436174605,2872.8881179103255,2.333600476227977,0.8059174275859567
2420A,市一纸厂　,驻马店,114.018,32.965,84,0.37797029003140403,3688.846424432492,5.441712188787055,0.6848829473884607
2421A,市彩印厂　,驻马店,114.0131,33.0069,85,0.37480137120492657,2780.641268660347,6.402419088125316,0.7055181499200394
2422A,天方二分厂　,驻马店,113.996,32.996,90,0.3807704324838741,2637.2024309760777,5.754917895347408,0.7373072190239701
2423A,沈家营,黄石,115.0625,30.2352,23,0.3325801066704616,4848.113529429491,23.594237497150296,0.3402338450895544
2429A,滨河新村,十堰,110.78,32.6494,245,0.4476455296264772,3803.9557941446947,44.76320664397803,0.5315662062876818
2430A,刘家沟,十堰,110.7258,32.6389,276,0.5139310253158885,2189.6489928637334,102.97520910243841,0.2776162810755244
2431A,铁二处,十堰,110.8839,32.5714,207,0.5321342215169115,483.29327717731104,107.07663105524261,0.35486872168674655
2432A,襄城运动路,襄阳,112.155,32.0197,69,0.32844031082854747,4623.309718326911,41.65081839630786,0.5235072889675141
2433A,樊城新华路,襄阳,112.1392,32.0564,72,0.28249342282883877,5290.136990221416,4.489738581345486,0.8047260747566881
2434A,高新管委会,襄阳,112.1825,32.1142,78,0.36519471682258187,2704.1328728463395,11.67591810192814,0.7150626734998932
2435A,襄州航空路,襄阳,112.2106,32.0903,70,0.3594530494698167,1292.2288114185967,10.536852482286552,0.4650254742908632
2436A,市政府,鄂州,114.8878,30.3944,27,0.30599550476838544,4277.366783860027,14.221228472726105,0.5256623371652752
2437A,赵家坝,鄂州,114.8989,30.3714,40,0.3906057031586032,2864.2719496256,19.060208727107753,0.4177125802074283
2439A,竹园小学,荆门,112.2014,31.0483,98,0.4234936234294926,1787.1770314833605,77.12257493873314,0.551597851891258
2440A,掇刀,荆门,112.1969,30.9892,115,0.3965727048805886,1464.4074287514868,23.402124415841815,0.48172777221066165
2441A,石化一小,荆门,112.2211,31.0386,93,0.4081598308724686,1947.8265233328734,38.38538055465456,0.6043010782883981
2443A,文化路,孝感,113.9153,30.9285,30,0.3759050775814762,4701.114605915927,3.6655454644253544,0.690246052440638
2444A,东城区,孝感,113.942,30.9075,26,0.3722223036494083,3600.5633000680887,4.786983362214513,0.48323059145404523
2446A,职工中心,黄冈,114.9028,30.4742,35,0.35103872119407453,2255.229389632447,7.960806155774356,0.45411007012403315
2447A,森林公园(对照点),咸宁,114.329,29.8175,40,0.541549308167425,1469.6121075045028,37.54198334149786,0.3767549616869593
2448A,市发改委,咸宁,114.3231,29.8211,57,0.5315499987397334,1492.8440435832952,37.25629027315904,0.42775126953572495
2449A,咸安区政府,咸宁,114.2894,29.8539,29,0.45555297022759245,1865.7464355876289,18.851957614080007,0.4076257087652327
2451A,市委党校,随州,113.3583,31.7275,73,0.40856825055556606,2135.6049428992087,12.269515072323024,0.6065101744192278
2452A,市林业局,随州,113.3833,31.6908,61,0.42699346671697774,1857.860696670732,18.845857339915735,0.4346716395993862
2453A,市立交桥水厂,随州,113.3983,31.7308,88,0.3941922958681293,2146.5852927728597,12.498111237449102,0.40065504091271786
2454A,湖北民院,恩施州,109.5039,30.2989,443,0.40037281779246936,940.3188219045355,60.49098121365705,0.39275225766132277
2455A,州电力总公司,恩施州,109.4689,30.2819,438,0.40094336067529346,2083.9638373362013,51.24037351492279,0.4566166105145142
2460A,市监测站,衡阳,112.6006,26.8919,78,0.3261633688086637,6619.8898151403455,11.437956472403036,0.7010575657639548
2462A,市水土所,邵阳,111.5239,27.3033,257,0.5395676911603018,857.7429190866618,22.826163421672064,0.08366650742115796
2464A,市化工厂,邵阳,111.4908,27.2582,238,0.40391615858382585,3781.28893114895,16.727566382662744,0.49872308991845127
2465A,市罐头厂,邵阳,111.4503,27.2537,231,0.40087919201054895,4545.626075856224,17.417994867650716,0.5207988504987159
2466A,市环保局,邵阳,111.4328,27.2272,253,0.4153933989117271,3833.7866499995894,22.35881387508666,0.5159113390771974
2467A,甘溪港,益阳,112.4067,28.6428,32,0.41722057429618964,323.8472557378707,2.601376622236264,0.06145736565836519
2468A,市环保局,益阳,112.3458,28.5808,65,0.39358500930215784,4082.9579831439487,19.752249440344908,0.6377656865350806
2469A,市特殊教育学校,益阳,112.3439,28.56,83,0.4298667834888341,3206.3937352943462,21.709292691214028,0.5042730027295355
2471A,赫山环保分局,益阳,112.3744,28.5819,35,0.37474098500019193,3388.4340471055625,15.727316505442554,0.560804904326732
2472A,马头岭,郴州,113.0073,25.9061,241,0.6531375893295199,137.01387898058968,64.59871520873719,0.03204261205791975
2473A,市职中,郴州,113.0116,25.8226,153,0.5241020755036297,2689.3841943433686,60.772270504592335,0.3554865785043885
2474A,兴隆步行街,郴州,113.0119,25.8179,147,0.5124914359042428,2760.700855339084,59.59751877745547,0.41008485406367406
2475A,市审计局,郴州,113.0383,25.8071,156,0.492020212892498,3170.945755069125,58.10321989771657,0.45357806864946504
2476A,市环保局,郴州,113.0348,25.7759,182,0.4566749292113332,2716.902180200725,83.35131867960081,0.5594969335070257
2477A,零陵南津渡,永州,111.6217,26.2081,114,0.4898870453893826,1667.1392561764164,16.597045740396652,0.31249620414307944
2478A,市环境监测站,永州,111.6156,26.4214,102,0.38007221007252057,1471.3788000349848,13.385440984954146,0.411681804670919
2479A,零陵区环保局,永州,111.6236,26.2331,122,0.46144008245139445,1753.132296131672,13.731064790714584,0.46811599233857953
2481A,冷水滩区环保局,永州,111.5989,26.4519,133,0.38844573795656706,2516.7396954626856,17.22742109798924,0.6492435276199461
2482A,林科所,怀化,109.9333,27.5733,337,0.5484010590883338,3875.665908090337,68.83087067266385,0.12329073564893994
2483A,河西地税局,怀化,109.9453,27.5444,241,0.4278214589281249,4739.681600760715,65.87160887567408,0.4903895063430452
2484A,市四医院,怀化,109.9792,27.5342,236,0.37045427221489075,4293.789197270467,43.41686410862718,0.5896851979031977
2485A,监测楼,怀化,109.9972,27.5578,230,0.40204100443826285,3629.852424831866,30.891359101516244,0.4367129207339115
2486A,市委党校,怀化,110.0394,27.583,248,0.5075579257590569,262.96686985851994,32.74186621517302,0.21389449305985983
2489A,市委党校,娄底,112.0194,27.7314,139,0.38518562891829106,2479.9569020264944,23.333470432947447,0.5214734146380111
2490A,涟钢,娄底,111.9561,27.7569,112,0.39824411447959107,3073.7179109274657,23.137038352396154,0.418146070799895
2491A,市政府,娄底,111.9892,27.7044,125,0.39685665670781245,1856.1614187106888,25.47996751307777,0.4707411682327578
2493A,州政府,湘西,109.7325,28.3169,198,0.5833381965963886,1863.0940901822205,73.71425415532592,0.2675406974053738
2494A,吉首市计生局,湘西,109.6958,28.2675,184,0.5352378180584033,568.5967758642988,63.62220529807156,0.34273336332472787
2495A,市环保,梧州,111.2897,23.4792,34,0.4298809999280274,4649.338955123837,53.687342941939065,0.34319025901094974
2496A,云盖小学,梧州,111.3178,23.475,36,0.4675442007400953,1942.8215759659024,61.283745068070914,0.21881804475113098
2497A,龙圩,梧州,111.2353,23.415,41,0.37736809059895027,1069.1381972413296,31.880656781690682,0.298093085522018
2498A,龙新,梧州,111.26,23.4794,33,0.3777134901064838,4844.362423805115,42.28819785612864,0.42957768951572595
2499A,沙万,防城港,108.3411,21.6158,12,0.2981047573195749,1318.634931904779,24.482946847134265,0.43828280838380135
2500A,防城镇政府,防城港,108.3511,21.7631,11,0.5137328888827795,1326.8335126695943,40.18454426445831,0.31664749213653026
2501A,大海花园,防城港,108.3506,21.6414,0,0.26224400971558876,1603.483819568861,17.667719640639348,0.28944668235436444
2502A,市环保站,钦州,108.6236,21.9667,10,0.44041791240697037,2438.139592574463,11.311143999871124,0.7181307611885531
2503A,市农科院,钦州,108.6553,21.9508,8,0.4540106361820433,2390.1727739733847,13.240046452421986,0.4279599768360543
2504A,港区一小,钦州,108.5989,21.7431,9,0.3105320351044098,753.903655959461,9.906819985440668,0.39209232856650084
2506A,江南子站　,贵港,109.6042,23.0672,46,0.33312303789985703,2657.4824725463113,4.301759459279347,0.3808402131777552
2507A,贵城子站,贵港,109.6014,23.0944,51,0.3166189478487777,3223.191662316237,4.0300678220297455,0.6941118343088232
2508A,荷城子站,贵港,109.5683,23.1036,46,0.35083701715261284,2525.1699834787933,8.041388754470855,0.6428971942461555
2509A,寒山水库,玉林,110.1106,22.7019,114,0.5642729912707696,559.5103959535433,90.32879175563211,0.11512139506465435
2510A,市监测站,玉林,110.1675,22.6411,80,0.34048785712586943,4391.616058869242,6.589246589829111,0.7270735169220391
2511A,南江一中,玉林,110.1433,22.6164,74,0.33328771975727894,4693.076242679693,7.29291214799443,0.7603007481350745
2512A,市监测站,百色,106.6103,23.9011,145,0.5000282085000057,1213.7367152526676,56.410878227821335,0.37173046635231743
2513A,市中心血站,百色,106.6527,23.8844,127,0.4928289272983175,1103.3012003326583,78.64201168647226,0.42205166998257
2514A,环保小区,贺州,111.5269,24.4175,110,0.4003521814008605,1486.2255761942808,43.86523860360599,0.4527264362770945
2515A,政协大楼,贺州,111.5622,24.4072,115,0.4093008995450608,1518.0631816432347,49.59967020542753,0.4273688381693341
2517A,市环保站,河池,108.054,24.6928,303,0.5128112887095976,1375.204942904537,86.32362017468127,0.3374183093557027
2518A,市疾控中心,河池,108.1009,24.6967,224,0.5711881584157237,1150.174669108305,111.8872797201501,0.16801993779117808
2520A,来冶招待所,来宾,109.2317,23.7369,89,0.43835852346029636,1761.5102291684502,15.866403725695319,0.5761472207102483
2521A,市环保局江州分局,崇左,107.3476,22.4137,109,0.4754695045507576,74.01550907394335,27.394746553020884,0.28997975219011324
2522A,城南新区,崇左,107.3701,22.3708,125,0.47376047862636134,146.7637574614978,28.136310264228253,0.3004454744101382
2523A,黑石坡,广元,105.8945,32.4535,669,0.5500141618132085,898.9055420117713,179.80495825410955,0.1138474990213931
2524A,老城,广元,105.8242,32.4429,528,0.42585709479058415,1184.7773900735042,83.27768867902499,0.48887586526485327
2526A,监测站,广元,105.8624,32.4285,486,0.47131210674153406,1292.6490727709668,109.20583500011325,0.40140931314524436
2527A,石溪浩,遂宁,105.7519,30.5797,379,0.5798283741062472,204.25332561105887,53.93850175822762,0.012581586813187759
2528A,市监测站,遂宁,105.68,30.6133,327,0.5739406929310974,170.41459374846775,41.21240583704763,0.012490733792503992
2529A,行政中心,遂宁,105.8161,30.6347,465,0.6120089642490278,214.36633501587207,53.62096923669991,0.007578686918437756
2530A,美宁食品公司,遂宁,105.5956,30.475,276,0.3607518572856665,3047.352125620028,22.55037979823543,0.4427484042608673
2531A,市监测站,内江,105.0331,29.5953,340,0.41480691740117087,3598.29159819213,18.387745798078235,0.4558302264061511
2533A,内江二中,内江,105.0653,29.5817,336,0.4224937384915395,3633.7055255267796,19.65948790408973,0.46586071096404685
2534A,内江日报社,内江,105.0406,29.5822,341,0.4172283707845079,3538.4117568613665,18.70936496589286,0.4687692324220458
2535A,花湖湾,乐山,103.7705,29.5467,421,0.46658759335537625,1308.1419403929533,19.82103308312114,0.17075675621732753
2536A,牛耳桥,乐山,103.7627,29.5844,375,0.45018724536299876,3289.5019311105693,18.736864504339973,0.39316831187151025
2537A,市第三水厂,乐山,103.7506,29.6007,372,0.42923522470798803,3363.2558076331406,16.799717901744202,0.5283145948204409
2538A,市监测站,乐山,103.757,29.5634,413,0.43640173756660544,3154.7419760946395,19.63423024567667,0.2863437306749353
2539A,蟆颐观,眉山,103.8986,30.0506,455,0.4779122266950597,686.5984471160125,33.239359725245265,0.08352769047845857
2540A,气象局,眉山,103.8416,30.0874,415,0.3743562938348206,2028.2889200702382,8.190841335903347,0.4239950114602474
2544A,市委,广安,106.6303,30.4576,309,0.4419942271584235,1440.579026420516,44.643957965483075,0.4011222377210224
2545A,友谊中学,广安,106.6271,30.4663,312,0.44645845972344345,1627.4761543551178,49.290572610133836,0.4115201682804224
2547A,广电花园,广安,106.6388,30.4551,307,0.43790504537215336,1308.4077489277772,42.922756465006934,0.3911764351123543
2548A,达州职业技术学院,达州,107.5272,31.2797,289,0.5772284492556857,554.060515519903,116.74477092399488,0.0782934079482465
2549A,市环境监测站,达州,107.525,31.215,295,0.5164603350302548,3482.7406357726954,103.14412283267646,0.2911391231460438
2550A,凤凰小区,达州,107.4967,31.2108,313,0.4563413617540762,4791.752789676419,105.3731485301424,0.42306673891560614
2551A,达县机关宾馆,达州,107.5069,31.1956,308,0.4820465285755408,4071.4864724230883,106.18888575875818,0.3611001244357798
2552A,市政中心,达州,107.4611,31.2058,289,0.4266946730926107,4096.382562816396,73.51149263770859,0.4283827160187679
2554A,建安厂,雅安,103.0013,29.9899,568,0.568132805115414,2212.635788183155,151.97129006351574,0.2668696388044349
2555A,市政府,雅安,103.0109,29.9834,583,0.5692498128167697,2147.2325962876216,218.8665120334336,0.22471469193629712
2562A,资阳中学,资阳,104.6356,30.1506,366,0.4751975892232464,2277.2077581928156,24.30626672838699,0.2448199488799374
2563A,四三一厂,资阳,104.6289,30.1377,365,0.45338119673071503,2412.5448260802364,21.574229645588115,0.40159616103288764
2564A,师范校,资阳,104.6469,30.1142,357,0.3977838926059931,2495.040073918294,22.06238090129878,0.4496838362000106
2568A,马师校,阿坝,102.2402,31.8934,2627,0.6926787440492623,110.7138260853365,350.12710472059746,0.030262768938472014
2570A,水桥子,甘孜,101.9603,30.0475,2531,0.5706155812205644,176.62511052213375,473.03828349385225,0.050902113812479916
2571A,青龙寺,凉山,102.3419,27.8094,1515,0.4827650314888405,183.23159033189245,227.27506942784217,0.013130494012481786
2573A,西昌市政府,凉山,102.2625,27.8978,1562,0.43164343481073225,2808.2289404125972,117.8701626437219,0.4667768636289746
2574A,凉山州政府,凉山,102.2689,27.8847,1527,0.41434243270888016,2801.9698522076683,86.09825833436562,0.46973861237651127
2575A,长安,凉山,102.2311,27.8953,1516,0.4017436355682249,2906.1409966037004,90.05193540452923,0.3986212139729788
2577A,黄土坡,六盘水,104.83,26.5917,1798,0.48789239127983863,3219.5870134133484,109.16903524973482,0.46065007643727846
2578A,水钢,六盘水,104.89,26.5939,1861,0.46515318697779534,1134.6883274851434,69.3796955864688,0.3709279624143877
2579A,民中,六盘水,104.8475,26.5894,1789,0.46767370363253474,3536.5586581701014,89.18401674368212,0.4917748442449148
2580A,双水,六盘水,104.9544,26.5506,1788,0.5076787749197634,453.72520890906094,66.31139333137553,0.17434111673134936
2585A,铜仁卫校,铜仁地区,109.1916,27.7297,271,0.5042867238762668,1649.2942692072252,77.57368587483025,0.34875698059253263
2586A,铜仁七中,铜仁地区,109.1794,27.7231,267,0.4978651837647129,1720.3730230746696,77.50612153945784,0.36013428353196736
2587A,八中,毕节,105.2864,27.3125,1480,0.49448639187469323,2700.9519808652244,77.81838975382344,0.38211349696481073
2588A,师专,毕节,105.31,27.2944,1455,0.47318164056334033,2777.854666508523,67.06133349803089,0.3505895292190339
2589A,场坝街,黔西南,104.9022,25.0925,1230,0.4370181841017561,2077.565257519899,82.5106235055743,0.44861552912510044
2590A,坪东大道,黔西南,104.8811,25.0992,1250,0.4461856255414,2021.5562127067722,103.76432861186328,0.30439049504227134
2591A,市环境监测站,黔西南,107.9783,26.5747,715,0.4283209881088661,2319.365614855937,123.65245470254484,0.5448799735467947
2593A,小围寨,黔南,107.5228,26.2403,832,0.5288700281673797,1551.2157132667974,112.72348977112014,0.22145011389222882
2594A,市环境监测站,保山,99.1678,25.1081,1663,0.420510835310822,2593.149034245078,142.22054157668097,0.5881322338501322
2595A,市环保局,保山,99.1711,25.1328,1668,0.441501517157926,2375.149041429058,172.3929334362955,0.5537850137826302
2596A,监测站,昭通,103.7032,27.3392,1909,0.35544704238644675,2948.806133925255,20.99326623643054,0.5258251174780071
2597A,环保局,昭通,103.7225,27.3361,1915,0.34359407524999325,2939.8067760121326,20.087266463279402,0.5944947534953556
2599A,丽江古城,丽江,100.2497,26.8802,2398,0.42538758347240263,1643.477709976587,125.86207482649485,0.40089556216061567
2600A,市中心,丽江,100.2203,26.8906,2413,0.43756227188630065,1681.3148190424986,97.17686860338169,0.5281864284081681
2601A,市环保局,普洱,100.98,22.7633,1304,0.4938494956760314,1461.3440403959773,76.61077244144076,0.41184388493858165
2602A,普洱第二中学,普洱,100.9817,22.8322,1322,0.5661550305304716,634.1250811958314,151.7647247220745,0.17770764632183197
2603A,环保局,临沧,100.0869,23.8822,1485,0.5281511099883417,1335.4052257230235,155.98225769742487,0.48073380261900567
2604A,气象局,临沧,100.0782,23.8982,1484,0.519903253212736,1323.821761267851,181.0796912071091,0.38680161193029355
2605A,环境监测站,楚雄,101.5482,25.0441,1786,0.405245585691189,2414.4055672812324,43.17794327474297,0.5397271106281993
2606A,经济开发区,楚雄,101.538,25.0492,1781,0.4215248056190316,2326.457763151861,44.24199473907138,0.49056180583669634
2608A,污水处理厂,红河,103.3772,23.3993,1289,0.40155917777688344,1348.1870638686728,11.590596260708384,0.3050089509595705
2609A,监测站,红河,103.386,23.4168,1286,0.42832452626808476,802.1458847970529,37.21053051072984,0.1053608789545104
2610A,水务局,文山,104.2533,23.3594,1262,0.45390756353055695,1837.7422001710172,92.23965739857566,0.499011302066632
2611A,便民服务中心,文山,104.2319,23.3892,1257,0.4568147306800878,1680.021934476277,93.7901089446199,0.5356148093778195
2612A,景洪市江南,西双版纳,100.7939,22.0019,554,0.4781849523662376,1529.8948866656149,71.256392568097,0.4632895559286259
2614A,大理市环境监测站,大理,100.1542,25.7054,2022,0.5180254245089758,1242.660700366003,278.7530201369033,0.30152566974008704
2615A,大理古城,大理,100.2171,25.5811,1988,0.4925852478070728,2180.2685619601225,230.79036903175256,0.4094688901284743
2616A,德宏监测站,德宏,98.5842,24.428,924,0.4630289658428586,604.5703068213018,97.65436476726569,0.5689811144221684
2618A,监测站,怒江,98.8601,25.8567,912,0.6181660249067378,513.1590434104426,339.18250210249346,0.09575086921257554
2619A,泸水一中,怒江,98.8546,25.8417,884,0.6088758437991164,514.4892679367407,370.83130514872926,0.13189742980014135
2621A,迪庆站,迪庆,99.7056,27.8317,3281,0.36650879848843787,405.86915296117434,84.44553504118205,0.32019740951292963
2622A,昌都监测站,昌都,97.1804,31.1278,3225,0.38753495482677525,426.19115804040064,275.5496629584019,0.09706525351668903
2625A,山南人民医院,山南,91.7706,29.261,3557,0.21482773882605377,281.8387008290156,248.25149704377935,0.16196342659166799
2626A,日喀则监测站,日喀则,88.8876,29.2718,3837,0.2077029549033739,680.7558558105679,110.10441326350266,0.31637130604036523
2630A,阿里监测站,阿里地区,80.1161,32.5,4289,0.07699023382706886,105.60316082957272,146.4503568485836,0.12979777736905387
2632A,林芝监测站,林芝,94.3681,29.6376,2986,0.45222267722244325,327.8474714335541,297.18816262328727,0.13181299888473552
2635A,市监测站,汉中,107.0154,33.0706,514,0.3271583896018222,3799.3348164697304,7.774119243400527,0.6650895242248231
2636A,鑫源开发区,汉中,107.0089,33.1138,535,0.4003996964240863,2810.944140099427,13.235175819422007,0.3656717733770606
2637A,南郑大河坎水厂,汉中,107.007,33.0323,510,0.403571489092404,1176.4095841094877,17.35635369834109,0.38215299126962915
2638A,红石峡森林公园(对照点),榆林,109.7414,38.3344,1154,0.27723263451389263,423.27879163775134,23.531790225060448,0.18161270983628408
2639A,世纪广场,榆林,109.7456,38.2911,1056,0.24243703960094445,853.4525940613782,31.507055589679766,0.6454292099506997
2640A,实验中学,榆林,109.7289,38.2839,1093,0.23864607516784864,953.4027398571718,30.21398657110115,0.6227627233021918
2641A,环保监测大楼,榆林,109.7336,38.2478,1077,0.23671999035681934,1192.6134567727725,32.3349370147181,0.4789403124883059
2642A,香溪洞,安康,109.0311,32.6778,329,0.44782991313391096,2562.7267929305785,85.82705932166377,0.39235631686922906
2643A,安康市监测站,安康,109.0281,32.6939,252,0.4134072931231655,2774.873292540478,66.29478082299153,0.5436024939868047
2644A,汉滨区检察院,安康,109.0072,32.6975,290,0.39949384796769616,2248.4494828797874,51.146766130679524,0.537780650463995
2645A,监测站,商洛,109.9154,33.8715,703,0.49742923293895425,896.2742254161386,101.12237111949474,0.39124605456194056
2647A,豫源饭店,白银,104.1731,36.5458,1719,0.1752928610247661,1923.7288157263854,43.986813843177586,0.6498419853678226
2648A,动力公司,白银,104.1731,36.5481,1727,0.17331508081430033,1927.2496063145056,47.16264819696414,0.6383922269249245
2650A,进步巷,天水,105.7281,34.5814,1169,0.40834687006988096,3001.066223454308,125.89500140165545,0.3917283428871275
2651A,文化馆,天水,105.8614,34.5653,1090,0.36880213759802744,1398.1124436282141,130.4203088817716,0.3939697051703385
2652A,监测站,武威,102.6219,37.9311,1535,0.25094073763577623,1346.2353438475416,30.844343246555553,0.6971620017614578
2654A,监测站,张掖,100.4686,38.9467,1470,0.25102215422829777,1775.5578882153482,11.051276379496342,0.5353778211674286
2655A,科委,张掖,100.4497,38.9389,1478,0.25168344555730354,1883.0411011850256,14.400660339170113,0.6184397051859152
2656A,监测站,平凉,106.6692,35.5461,1367,0.3543121414872172,2317.3064621353265,84.61671284418212,0.4508152105071139
2657A,博物馆,平凉,106.7039,35.5294,1353,0.3554304128799893,2258.0469717509577,87.80068264104727,0.4310203363102139
2658A,仓门街子站,酒泉,98.509,39.746,1468,0.22816447773486195,1571.7166856374579,20.987294182294193,0.5459400524782156
2659A,富康家世界子站,酒泉,98.5023,39.7294,1479,0.20312679523726423,1383.3759141700593,27.831382177793827,0.6056941174371979
2661A,粮贸总公司,庆阳,107.6406,35.5236,1151,0.4510716219502022,102.04612097582816,77.02600837706377,0.008105087386099313
2662A,市环保局,庆阳,107.6364,35.7067,1411,0.33746377342768663,1750.435822267234,30.40641038790888,0.506946484544294
2663A,监测站（原粮食局）,定西,104.6228,35.5714,1908,0.2912574053232645,1064.551187820102,86.91708866541019,0.3906865426050803
2664A,南峰招待所（原起重机厂）,定西,104.6169,35.5975,1899,0.2823854613631078,1092.5157045175429,84.91784865750861,0.3455645841181005
2667A,环保局,临夏,103.2139,35.6039,1888,0.2911252859203849,2388.935803135984,73.41370459506285,0.5244232039347203
2668A,州委党校,临夏,103.2064,35.5997,1895,0.29084137178258646,2375.9347757376204,74.87182034949956,0.5397430082679523
2671A,海晏县西海镇,海北,100.9048,36.9639,3117,0.36119878799770855,99.88123007649878,26.697524310040325,0.09550442686093291
2672A,同仁县隆务镇,黄南,102.0199,35.5102,2511,0.32285854376383216,420.5039616473085,176.10350266061505,0.13116766472288655
2673A,共和县恰卜恰镇,海南,100.6188,36.2866,2864,0.2002260654389735,368.96476938757746,54.692832610688214,0.2424889712247935
2674A,玛沁县大武镇,果洛,100.2561,34.4714,3756,0.3592353370464575,141.10951446026007,143.50090409655718,0.15318233666079428
2675A,玉树县结古镇,玉树,97.0,33.0014,3729,0.33861095354064624,483.7405331594089,247.8404151526822,0.1813878875567628
2676A,德令哈市,海西,97.3731,37.3753,2993,0.16659574983542594,370.7385151486415,47.9237355687725,0.23861215782379203
2677A,教育园区,吴忠,106.1532,37.9648,1131,0.2853104503315495,1326.667540010719,3.353185887861426,0.37481693835056135
2680A,沙坡头消防站,中卫,105.0197,37.4514,1237,0.19059402815807927,63.853039460134724,109.60869227150766,0.04080078665236822
2682A,环保局站,中卫,105.1971,37.5002,1227,0.28496364652032585,1813.0594437726863,16.726651089244097,0.5042534164541845
2683A,马园,固原,106.2319,36.1417,1596,0.3247839244303678,119.15508822326632,64.42779119480124,0.05504369922651128
2684A,监测站,固原,106.2792,36.0022,1745,0.3222893503693366,1146.8667274232957,51.05815837487572,0.5658119051472416
2685A,新区,固原,106.2375,36.0211,1777,0.2935880073561065,901.9022777905019,38.03592711662054,0.37662488211454626
2687A,地区环保局,吐鲁番地区,89.1673,42.9559,46,0.3037906524567683,945.9669051803562,35.911484910814096,0.3890704790545282
2689A,哈密师范学校,哈密地区,93.4961,42.8328,764,0.20159092969464137,2077.788923055768,17.857012556001127,0.6552088330050545
2692A,新区政务中心,昌吉,87.2717,44.0297,571,0.22749109043051047,2333.2474944990363,18.06063967613406,0.5029015490789073
2693A,博乐市西郊区,博州,82.0485,44.9079,526,0.23343539644834782,534.9120421011318,27.700349191390934,0.3762766854032894
2694A,市环保局,博州,82.0806,44.8969,506,0.23227593659185036,478.2678503743358,27.7364465053806,0.45988617615532024
2695A,电视台,阿克苏地区,80.2828,41.1636,1112,0.23270554223301212,2741.4714778349944,9.636769950940106,0.7317255309323761
2696A,艺术中心,阿克苏地区,80.2956,41.1933,1123,0.2630098943484203,2464.9434046581337,10.914453705641142,0.46731747989863726
2698A,巡警大队,喀什地区,75.9828,39.5371,1370,0.1885707046473843,544.0900772850025,50.9905128314211,0.20794885991062823
2704A,新政府片区,伊犁哈萨克,81.2867,43.895,602,0.28490047078145214,1806.2141410168558,17.660179227829573,0.5204690155596671
2705A,第二水厂,伊犁哈萨克,81.3364,43.941,662,0.2655891761423742,2863.9647954799116,19.571582008455348,0.6080884151613211
2706A,东门外小游园,塔城地区,82.9994,46.7432,550,0.2570063883135412,1013.6158023132218,21.0046049118415,0.47794790098909073
2708A,市站,阿勒泰地区,88.1267,47.8515,863,0.15450543184890758,531.7148112022855,97.00874737753401,0.10788453206257487
2709A,艾青诗歌馆,石河子,86.0497,44.2967,483,0.22793023643180452,2723.6332103885015,30.157751946504955,0.611473186501827
2710A,阳光学校,石河子,86.0697,44.3075,476,0.21881991912845758,2342.3790014537335,28.766808710838692,0.5924600926600804
2711A,农水大厦,五家渠,87.5475,44.1756,471,0.2538292895646829,678.8780978615245,5.168914166343913,0.2857894930507603
2835A,四十中小,攀枝花,101.7227,26.567,1262,0.439600157175739,3078.0618541581725,127.60056712549674,0.2549571273189698
2845A,德盛苑,长治,113.1569,36.1912,982,0.338016452697367,3205.41315352792,93.73900109564713,0.2672948092020863
2846A,体育西,广州,113.3208,23.1323,8,0.2953196302777406,25700.11877417412,19.680943934324443,0.6902137013258828
2858A,河西一经路,天津,117.7918,39.2474,4,0.23053981775567614,2680.4024268078,1.663040421654716,0.5843223816114629
2859A,津沽路,天津,117.3747,38.9846,5,0.3038967834829648,2398.2710000710485,1.5465131407295603,0.5924464045158286
2860A,宾水西道,天津,117.1589,39.0845,6,0.25440389071551567,12706.381797425474,2.9528387111166956,0.708149791697223
2862A,22中南校区,石家庄,114.5480556,38.03777778,76,0.2817984134501639,8868.199878256333,4.558602986648443,0.8793853907693256
2865A,榆次三中,晋中,112.7194444,37.68277778,795,0.2744307551373245,3339.4673666276017,12.35715891897048,0.7047649185408895
2867A,马茂庄小学,吕梁,111.1283333,37.51,916,0.32667259814655997,1880.428530780127,62.49405023852226,0.41846870052773066
2868A,九站,吉林,126.4738889,43.95305556,185,0.31494780272258116,514.3923594050528,25.595698042325743,0.41044721669760054
2869A,五台山医院,扬州,119.458,32.41361,7,0.32892185943461566,4084.1939424145776,4.051891939970919,0.7001564871950268
2870A,市疾控中心,镇江,119.4369444,32.18888889,19,0.3986110130268237,7053.814815494832,18.233260752785792,0.5449031079886105
2871A,万里国际学校,宁波,121.6147,29.90167,2,0.3078911061231514,2426.998946754984,2.0757224425138663,0.6091382268158662
2872A,南湖区残联,嘉兴,120.7844444,30.7525,8,0.35623976429253834,4488.613073496058,2.306759567283717,0.5433513882191893
2873A,仁皇山新区,湖州,120.0875,30.89556,5,0.38514063258383496,3703.931258249147,30.57673525310057,0.47898051691323157
2875A,阜阳职业技术学院,阜阳,115.7838889,32.88922222,31,0.3626973828150355,3217.8012248207738,1.9241126347261557,0.6662872897403422
2877A,坊子邮政,潍坊,119.1638,36.6525,48,0.3470693904019047,1121.8579975014702,13.357816429515339,0.6759654985633167
2878A,聊大东校,聊城,116.0072,36.4343,33,0.3174976601670931,2136.609336479716,2.1852445355541725,0.6591962082777915
2880A,大石西路,成都,104.0238889,30.65638889,500,0.28896666765699536,16965.839584563455,4.831896158637786,0.8052311563091028
2882A,玉溪一中,玉溪,102.5389,24.3702,1632,0.35028186190456695,3374.520534619377,36.36449273242731,0.5822418997065291
2883A,文体中心,玉溪,102.5381,24.339,1648,0.3994115958843084,2794.4049691368964,73.32743480875564,0.5337129548572822
2884A,酒钢宾馆,嘉峪关,98.26722222,39.79777778,1665,0.14321953238429755,1895.1050342982242,36.94198794394502,0.6755416396251599
2885A,滨江中学,陇南,104.9338889,33.38256667,1000,0.45032278439757456,909.9847827876617,376.5772197220645,0.24702433801461254
2897A,沈辽西路,沈阳,123.2444,41.7347,33,0.3219671451268891,345.7733473499378,2.5102736420036873,0.6597388330814185
2900A,裕农路,沈阳,123.5953,41.9086,124,0.418967694951747,603.5701411633181,28.423972703678285,0.2948506845621662
2902A,北辰小学,广安,106.6351,30.4865,281,0.4671619911810627,1737.3309032490763,53.13243665221575,0.28011184064305167
2907A,吴兴区站,湖州,120.1844,30.8596,3,0.3639584577039502,1405.6145842297383,3.8088236323105398,0.283522029375097
2914A,苏山坪,巴中,106.7513889,31.87888889,449,0.5150796231812688,1842.5838977806602,117.35392806588843,0.269800092100173
2919A,河北工业大学,廊坊,116.7022,39.5453,16,0.3240061347133699,3069.0748360698594,2.620608916734319,0.6667838961661569
2920A,蓝田镇,漳州,117.7116,24.506,5,0.3205983216283061,1651.0476937552085,24.593019639516722,0.5154550086404714
2921A,树下王站,绍兴,120.7789,30.0033,9,0.4667325825365327,603.0478663563299,18.939706668493983,0.23492725966520717
2922A,大理道,天津,117.1941,39.1067,9,0.21694324216018118,24334.902469600984,2.901068371221716,0.8332724913388196
2924A,水乡路,银川,106.2275,38.44139,1111,0.2615288716485945,1676.0683685658373,2.078146921399276,0.4415745376732736
2925A,上海东路,银川,106.2739,38.4841,1109,0.24190616785928237,7759.845325147251,2.3361071096376715,0.7578408883355202
2929A,红卫路,黄冈,114.8858,30.4519,30,0.2885395144283354,3592.0746323325247,10.794055173506285,0.610890145845045
2996A,市供电局,宿迁,118.283,33.965,26,0.36238964429853343,2865.9260846650222,4.320141037719963,0.5565313022060198
2997A,王营,泰州,119.8767,32.3292,5,0.4040480681271667,948.6217986295112,2.246106200967785,0.5263272372551522
3002A,行政中心,常州,119.9736,31.8108,1,0.33681773662056874,8369.401634684245,3.4223836029692376,0.6851978514235115
3003A,经开区,常州,120.0469,31.7694,5,0.3670088898426763,1847.0501265032983,3.3479472919170723,0.45006454879183494
3005A,鼓楼区政府,徐州,117.1814,34.29,32,0.28659642784347994,5710.882865219254,12.052221576514846,0.7223098800549234
3006A,铜山区招生办,徐州,117.1694,34.1781,32,0.33092568552384444,1281.7436170053718,26.41453968990021,0.6207542049928673
3008A,胡沟管理处,连云港,119.3608,34.7519,32,0.2948877719280043,1770.0070226454338,96.75267203733547,0.37187248029157494
3009A,矿山设计院,连云港,119.1478,34.5911,8,0.3387861865321544,3434.234725484228,46.012365009945235,0.6493075362565794
3010A,钟楼,常州,119.8914,31.7897,7,0.3320448548045541,5458.740724896066,2.3372075320120023,0.6672982979919805
3012A,西山林语,荆门,112.1908,31.03389,89,0.4236548769610353,1836.63199170181,74.02060078619589,0.45905473478893505
3014A,歇台子,重庆,106.4959,29.53675,338,0.29968255315580494,13544.676126102724,61.15944347970535,0.6654544700781959
3015A,龙井湾,重庆,106.4042,29.57278,522,0.47296045683977006,3595.829498484196,114.9424895022434,0.22104304250221818
3016A,龙洲湾,重庆,106.5506,29.41569,302,0.4282569918324567,2512.456308051488,88.3421173647885,0.2692183991523849
3018A,唐尧大酒店,临汾,111.505,36.10139,428,0.29410746356511547,3659.954265939581,11.694709699818928,0.6143918416476578
3020A,中山北路,天津,117.2099,39.16969,8,0.24360495049378758,15434.54547365206,2.3126487582231077,0.8008636347422174
3021A,濮水河管理处,濮阳,115.0061,35.76806,54,0.3362383426623345,3552.3382664167407,2.0039852852487687,0.7445554695484303
3026A,市政府,潮州,116.6183,23.65889,15,0.25571381324627607,7379.230880776027,14.24948205543048,0.828366730748135
3027A,青杠林路,自贡,104.7228,29.33972,336,0.4453658799240116,2494.549627044295,25.459033641229166,0.41001871719778854
3028A,檀木林体育馆,自贡,104.7778,29.36028,355,0.42515266082140946,3737.18115780289,31.48031902139182,0.45385845291415516
3033A,培训基地,乌鲁木齐,87.4651,43.4569,1690,0.2527738919945077,59.0947805547111,251.2810008863041,0.13124032289515283
3034A,光明街小学,乌兰察布,113.1076,41.0385,1411,0.25356810406102814,2370.602107653231,25.941465688634562,0.6467340890861328
3035A,北滨河,兴安盟,122.0931,46.0707,269,0.32856294903305333,1719.9202623701367,15.040171796591752,0.5559628014541566
3038A,州图书馆,红河,103.3758,23.3682,1300,0.40222418622956907,1466.053557334677,20.026461051122144,0.624250758007594
3039A,第一小学,三门峡,111.19,34.7822,393,0.3085020452172568,3014.8264076107703,50.16010680485467,0.5989127874562125
3045A,商州区中学,商洛,109.9643,33.8471,719,0.49834886423651686,1098.9555711408932,97.47226535717131,0.2690632470883348
3046A,机电学校,南昌,115.9083,28.6064,27,0.2728746338869087,4787.7054478740565,6.418546384035297,0.637287283626001
3048A,九龙,福州,119.58,26.0931,12,0.326264303462583,1056.5560431647866,39.00611972907973,0.17866923365869045
3051A,西四道,天津,117.3916,39.1495,4,0.29434580920850173,351.0914716048704,1.6312281630657575,0.6013627004688646
3054A,市委党校,新乡,113.5922,35.28385,79,0.4490909479157242,582.1667666581764,1.4886397478615259,0.10353799438637037
3055A,城北区政府,西宁,101.7775,36.6428,2247,0.2732831758684175,8229.881119398045,146.51108528388644,0.4982632958932949
3057A,牟平检察院,烟台,121.5992,37.4014,25,0.32566918950475476,1916.8994149550308,11.393731477360626,0.5713569001116865
3058A,银河街,赤峰,119.2654,42.0352,520,0.2962372297241993,1075.264124011243,31.624256385820996,0.4904203492781802
3059A,泰兴公司,济南,117.7181,36.2092,200,0.3398946751293733,1822.0240734299935,24.802556128956482,0.6614227471600231
3061A,国华电力东,呼伦贝尔,119.7512,49.1577,615,0.2427853479938847,579.969352461649,16.236915967999927,0.3800585280214161
3064A,莱芜战役纪念馆,济南,117.6983,36.2211,221,0.32778757621829896,2327.939591928331,23.788867739878967,0.7386409249179906
3065A,州环保局,甘孜,101.9533,29.9972,2787,0.5866211348278112,164.3564837733537,418.45989160280214,0.03549648772077842
3066A,九衢泉纯净水厂,德州,116.2714,37.4372,28,0.31730548697871863,3059.5154968714187,2.1358810509961135,0.690086789759788
3128A,那曲会议中心,那曲地区,92.0506,31.4797,4502,0.27818245269991365,536.0620757365505,45.05690804859342,0.15827528080224282
3133A,上清寺,重庆,106.5469,29.565,239,0.2655743633965774,14656.575284945231,54.67193971829791,0.5756208729308122
3134A,市一中,许昌,113.8172,34.0339,73,0.3398962480453363,5077.690869615464,3.300261465788631,0.7474098394084219
